did,DecisionTree,SVM,KNN,LogisticRegression,Perceptron,MLP,best_classifier,best_accuracy
46560,0.65206,,,0.59228,0.46997999999999995,,DecisionTree,0.65206
42141,0.4190638241425483,,,,,,DecisionTree,0.4190638241425483
46770,0.002935599029610713,,,0.004790744874249721,0.002996754875090276,,LogisticRegression,0.004790744874249721
45051,0.8159984335949122,,,0.8250480824490447,0.7232685602528985,,LogisticRegression,0.8250480824490447
46070,0.15,,,0.05239583333333333,0.0811875,,DecisionTree,0.15
40985,0.05386513875492579,,,0.061138892900426914,0.048513783604900544,,LogisticRegression,0.061138892900426914
151,0.886895354480918,,,0.7551200499371074,0.6581947262270851,,DecisionTree,0.886895354480918
1461,0.8741235483748749,,,0.8911105271740711,0.8571137118893943,,LogisticRegression,0.8911105271740711
279,0.9893499595077865,,,0.9521743396935378,0.8645604758734754,,DecisionTree,0.9893499595077865
46565,0.8981555555555556,,,0.891,0.8663333333333334,,DecisionTree,0.8981555555555556
46468,0.8971777777777777,,,0.9337777777777777,0.8370888888888889,,LogisticRegression,0.9337777777777777
46553,0.8973777777777778,,,0.8910222222222222,0.8663333333333334,,DecisionTree,0.8973777777777778
41027,0.7933689609865697,,,0.6764988126355944,0.5792593757578319,,DecisionTree,0.7933689609865697
46561,0.7918799044694643,,,0.8246559763448198,0.6646423291254406,,LogisticRegression,0.8246559763448198
41762,0.49900741585852826,,,0.5067883628066172,0.4991215059897319,,LogisticRegression,0.5067883628066172
41758,0.5058300057045064,,,0.5251568739304051,0.49964632059326874,,LogisticRegression,0.5251568739304051
41763,0.533097547062179,,,0.6952880775812893,0.5146833998859098,,LogisticRegression,0.6952880775812893
41727,0.5019737592698232,,,0.503685111237878,0.49882487164860245,,LogisticRegression,0.503685111237878
41734,0.4998288648031945,,,0.5383456930975472,0.5011751283513977,,LogisticRegression,0.5383456930975472
41715,0.5879064460924129,,,0.6424643468339989,0.5223958927552766,,LogisticRegression,0.6424643468339989
41723,0.5155048488305761,,,0.6481232173417,0.5112606959498003,,LogisticRegression,0.6481232173417
41709,0.5039132915002852,,,0.6634569309754708,0.5254535082715346,,LogisticRegression,0.6634569309754708
41718,0.5167826583000571,,,0.6969537934968625,0.5232401597261837,,LogisticRegression,0.6969537934968625
41712,0.5077010838562465,,,0.6989161437535654,0.5060810039931546,,LogisticRegression,0.6989161437535654
41804,0.5024757558471191,,,0.5139304050199658,0.5008784940102682,,LogisticRegression,0.5139304050199658
41799,0.5009925841414717,,,0.5182430119794639,0.500718767826583,,LogisticRegression,0.5182430119794639
41777,0.5109868796349116,,,0.6801369081574444,0.4953793496862522,,LogisticRegression,0.6801369081574444
41779,0.5235139760410724,,,0.6780604677695379,0.49163719338277245,,LogisticRegression,0.6780604677695379
41768,0.5108271534512265,,,0.6499714774671991,0.4891728465487736,,LogisticRegression,0.6499714774671991
41773,0.49914432401597264,,,0.5048260125499144,0.4941928123217342,,LogisticRegression,0.5048260125499144
41780,0.5343525385054193,,,0.7027267541357672,0.48994865944095833,,LogisticRegression,0.7027267541357672
41824,0.4996691386195093,,,0.5144095835710211,0.49928123217341697,,LogisticRegression,0.5144095835710211
41833,0.518220193953223,,,0.6960638904734741,0.4989161437535653,,LogisticRegression,0.6960638904734741
41835,0.5105077010838562,,,0.6929606389047347,0.5103023388476896,,LogisticRegression,0.6929606389047347
41832,0.49704506560182543,,,0.509184255561894,0.49907586993725045,,LogisticRegression,0.509184255561894
41856,0.514500855675984,,,0.6451340559041643,0.5091158014831717,,LogisticRegression,0.6451340559041643
41782,0.49563034797490013,,,0.5168739304050199,0.4979806046776954,,LogisticRegression,0.5168739304050199
41805,0.6769423844837422,,,0.7108499714774672,0.6891500285225328,,LogisticRegression,0.7108499714774672
46822,1.0,,,0.8133870851588874,0.6235652862905315,,DecisionTree,1.0
727,0.9063971660944456,,,0.8374952289848119,0.7689853943381877,,DecisionTree,0.9063971660944456
901,0.8733074896010897,,,0.8368574028812044,0.8052879921200444,,DecisionTree,0.8733074896010897
881,0.9966149807064012,,,0.9981112270264356,0.9620791063575298,,LogisticRegression,0.9981112270264356
41434,0.6344239349130085,,,0.8323570503936029,0.5184232199123607,,LogisticRegression,0.8323570503936029
251,0.9766295529542666,,,0.9792461130711668,0.9722353280347358,,LogisticRegression,0.9792461130711668
137,0.7682009527616159,,,0.6413149102685859,0.5481872258295513,,DecisionTree,0.7682009527616159
45714,1.0,,,0.7197167138810199,0.16793201133144475,,DecisionTree,1.0
46371,0.7936571428571428,,,0.8343142857142857,0.731,,LogisticRegression,0.8343142857142857
1486,0.9494559698244596,,,0.9480922675177716,0.9040185695633252,,DecisionTree,0.9494559698244596
43551,0.9784627432049418,,,0.985661211411616,0.985661211411616,,LogisticRegression,0.985661211411616
4135,0.9205652266784934,,,0.9421099226089229,0.8741819396977235,,LogisticRegression,0.9421099226089229
1119,0.8123214023663126,,,0.8247289252528773,0.746167106346747,,LogisticRegression,0.8247289252528773
46548,0.7285333333333333,,,0.8109666666666667,0.7743333333333334,,LogisticRegression,0.8109666666666667
46871,1.0,,,1.0,1.0,,DecisionTree,1.0
46919,0.7273666666666666,,,0.8107,0.7496666666666667,,LogisticRegression,0.8107
1537,0.9589534476157937,,,0.9755117711747685,0.9742541658595512,,LogisticRegression,0.9755117711747685
1481,0.8401055011964204,,,0.27929891048702443,0.14795330626011702,,DecisionTree,0.8401055011964204
184,0.8398203660892658,,,0.2794058432975751,0.15159013332049495,,DecisionTree,0.8398203660892658
46173,0.8398203660892658,,,0.2794058432975751,0.15159013332049495,,DecisionTree,0.8398203660892658
46874,0.7660657992844386,,,0.8457042744231421,0.7273940128405452,,LogisticRegression,0.8457042744231421
46541,1.0,,,0.9967298689880236,0.9732944548296475,,DecisionTree,1.0
46682,0.607218298582049,,,0.5629987867268398,0.5466731404049444,,DecisionTree,0.607218298582049
42493,0.578627570407567,,,0.5783676514984165,0.529238178742944,,DecisionTree,0.578627570407567
45067,0.6338047517946743,,,0.7308918783344973,0.5856882711409056,,LogisticRegression,0.7308918783344973
45037,0.8177158999192897,,,0.6592816787732042,0.5483050847457627,,DecisionTree,0.8177158999192897
843,0.8394927735176883,,,0.8545911094336628,0.716647169219156,,LogisticRegression,0.8545911094336628
821,0.8399755472723515,,,0.8269399912107357,0.6956257707705134,,DecisionTree,0.8399755472723515
45504,0.2357673480092472,,,0.09721695606333285,0.09057832917295583,,DecisionTree,0.2357673480092472
43890,1.0,,,1.0,0.9453846153846154,,DecisionTree,1.0
823,0.9763565891472868,,,0.9634689922480619,0.8784399224806203,,DecisionTree,0.9763565891472868
45578,0.8464147286821705,,,0.8370155038759691,0.711531007751938,,DecisionTree,0.8464147286821705
44090,0.8388098028177351,,,0.831977022318884,0.7232729359557275,,DecisionTree,0.8388098028177351
46808,0.33627390066308555,,,0.46470085551113594,0.33026163413954696,,LogisticRegression,0.46470085551113594
6,0.87645,,,0.77265,0.47429999999999994,,DecisionTree,0.87645
41671,0.5094,,,0.5697,0.496,,LogisticRegression,0.5697
40926,0.24764999999999998,,,0.31215,0.23514999999999997,,LogisticRegression,0.31215
41159,,,,0.66905,0.6331,,LogisticRegression,0.66905
1222,0.9324000000000001,0.93,0.9707000000000001,0.7869,0.6608,0.9539,KNN,0.9707000000000001
46935,0.7123909361548384,,,0.7680860838048467,0.7599959864831947,,LogisticRegression,0.7680860838048467
1120,0.8184016824395375,,,0.7905888538380652,0.6709779179810726,,DecisionTree,0.8184016824395375
45558,0.9690467516128377,,,0.978600838847342,0.9734051988555212,,LogisticRegression,0.978600838847342
45024,0.6848753695074231,,,0.7243633498760238,0.6349147436527427,,LogisticRegression,0.7243633498760238
44162,0.678083046421887,,,0.6839709892090486,0.605204626591492,,LogisticRegression,0.6839709892090486
846,0.8064339309633836,,,0.8977650402755948,0.8205298082961555,,LogisticRegression,0.8977650402755948
44226,0.7295490381583096,,,0.8143803216650898,0.6556922106590981,,LogisticRegression,0.8143803216650898
45936,0.038924455825864276,,,0.06818181818181819,0.0323943661971831,,LogisticRegression,0.06818181818181819
41526,0.7461252726499873,,,0.7990611222061456,0.7232201088221211,,LogisticRegression,0.7990611222061456
1046,0.9284014152460598,,,0.8496622708266323,0.732068189128337,,DecisionTree,0.9284014152460598
722,0.978,,,0.8893333333333334,0.7390000000000001,,DecisionTree,0.978
1471,0.8301068090787715,,,0.5951935914552736,0.5112817089452604,,DecisionTree,0.8301068090787715
1040,0.9907606807919416,,,0.9947898575894408,0.9906217436609934,,LogisticRegression,0.9947898575894408
4154,0.9979634831460673,,,0.9990168539325843,0.9990870786516854,,Perceptron,0.9990870786516854
1476,0.9721782890007187,,,0.9904385334291878,0.9766355140186918,,LogisticRegression,0.9904385334291878
734,0.8311272727272726,,,0.8796363636363637,0.8165818181818182,,LogisticRegression,0.8796363636363637
959,1.0,,,1.0,1.0,,DecisionTree,1.0
46937,0.6843271630344093,,,0.6272466548706899,0.5447021619464107,,DecisionTree,0.6843271630344093
45060,0.7928629359286293,,,0.8832927818329279,0.8528791565287916,,LogisticRegression,0.8832927818329279
46689,0.2425980598903416,,,0.26250527203711516,0.2,,LogisticRegression,0.26250527203711516
310,0.9812211761375405,,,0.9837250486412049,0.9738893291632114,,LogisticRegression,0.9837250486412049
4534,0.9626413387607415,,,0.9270918136589777,0.8853912256897332,,DecisionTree,0.9626413387607415
46924,0.6338739509694489,,,0.6390573401132746,0.6129684980776385,,LogisticRegression,0.6390573401132746
1019,0.9885369352683678,,,0.9941775999596144,0.9848978007622788,,LogisticRegression,0.9941775999596144
1044,0.594734340949386,,,0.5033825438501901,0.44101872540832526,,DecisionTree,0.594734340949386
1053,0.7508497932935232,,,0.8130454754248968,0.7197060174552136,,LogisticRegression,0.8130454754248968
46932,0.6244382507934854,,,0.7171799289132246,0.6054979777668656,,LogisticRegression,0.7171799289132246
1478,0.9291199422851133,,,0.9847561498889554,0.9469850573140887,,LogisticRegression,0.9847561498889554
46819,0.988541331686133,,,0.9870848323957807,0.9837830599263475,,DecisionTree,0.988541331686133
1459,0.9142679456269462,,,0.3509494019481347,0.23556188713692788,,DecisionTree,0.9142679456269462
46282,0.8568467784601937,,,0.8710915701650965,0.8332976056060231,,LogisticRegression,0.8710915701650965
43920,0.8579333907913496,,,0.8716851398593697,0.7661973120024118,,LogisticRegression,0.8716851398593697
46868,0.9658000000000001,0.9535,0.9498,0.9442,0.933,0.9774,MLP,0.9774
46911,0.7901,0.8516,0.8323,0.8084,0.7082999999999999,0.8583000000000001,MLP,0.8583000000000001
41165,0.2452,,,0.3263,,,LogisticRegression,0.3263
41163,0.8056000000000001,,,0.9391999999999999,0.9133000000000001,,LogisticRegression,0.9391999999999999
46298,0.8432999999999999,0.9023000000000001,0.8544,0.8160000000000001,0.6510999999999999,0.9609,MLP,0.9609
375,0.8786253392899244,0.9781144648841226,0.9790181800962001,0.9405678912337759,0.8703936166139721,0.9855438311197625,MLP,0.9855438311197625
42140,0.3302098061747091,,,0.18736860796355342,0.12199583482361417,,DecisionTree,0.3302098061747091
4538,0.506127659574468,0.5347931206956253,0.5842205378784964,0.47462875610788346,0.370804509253203,0.5599123286265758,KNN,0.5842205378784964
45553,0.6374238261962474,0.7334603003603812,0.6920264707013967,0.7286984981980942,0.690406063637413,0.7143143908788939,SVM,0.7334603003603812
46281,0.8963551043464293,0.9403380440809895,0.9353494193187295,0.9394218580764189,0.9325998248368859,0.9199760575861694,SVM,0.9403380440809895
46916,0.8990021921300976,0.9403380440809895,0.9336182065991926,0.9394217026061991,0.8577918564698933,0.9086753419049247,SVM,0.9403380440809895
819,0.8234733304777506,0.8832600670325934,0.8638217189135243,0.8804233805976411,0.825570638134392,0.880843659061102,SVM,0.8832600670325934
1056,0.9931333189414009,0.9941896756292705,0.9942953280328627,0.9940840232256785,0.9893296650640302,0.9942953280328627,KNN,0.9942953280328627
41082,0.8806201738707943,0.9533221121310451,0.9613892311162783,0.9438583583496735,0.9043876636184329,0.967304424277129,MLP,0.967304424277129
41972,0.8304895717309144,0.5833334330318849,0.7983372076190431,0.8964352583528443,0.5146431848662385,0.6115534071182374,LogisticRegression,0.8964352583528443
373,0.48560439560439556,0.33285714285714285,0.42824175824175825,0.2869230769230769,0.2684615384615385,0.33549450549450555,DecisionTree,0.48560439560439556
923,0.9997685185185186,0.995255165156481,0.9950234828524304,0.9952550312747681,0.988195180793865,1.0,MLP,1.0
41164,0.650600827630113,0.673666153818947,0.6238923668217,0.6440473558868435,0.6487788918952375,0.6648032462671171,SVM,0.673666153818947
761,0.9035654874581048,0.9375009032727155,0.9259025836207047,0.9357916505567513,0.9104039882563372,0.9374997113252148,SVM,0.9375009032727155
735,0.8825686617632927,0.9200447576286503,0.9154060704396274,0.9146739911840582,0.8735418198505448,0.9215085436561946,MLP,0.9215085436561946
725,0.9112548897783797,0.9456786315846719,0.896850055239317,0.9417732155987191,0.9168689625065463,0.9453127037019655,SVM,0.9456786315846719
752,0.8383784746200854,0.6380604481275622,0.5948493713594385,0.6426989118264286,0.537466634782071,0.8509521798112403,MLP,0.8509521798112403
833,0.7363294423697109,0.82238700896419,0.7437728565245344,0.8187245267782179,0.786131094855927,0.780277887660438,SVM,0.82238700896419
807,0.7579375881389304,0.8919694027076577,0.8502203985425462,0.7315669416340558,0.6373261339704291,0.9127194952698309,MLP,0.9127194952698309
816,0.7624537282255403,0.827394976388265,0.789552952640201,0.8261734536902322,0.6657601905924053,0.8287358428298026,MLP,0.8287358428298026
43922,1.0,0.9916300113679425,1.0,0.9560562334217508,0.9241765820386509,1.0,DecisionTree,1.0
43985,0.8062080393414582,0.9521614776072761,0.8726442821664117,0.9598563345997599,0.9317708590319238,0.958446160424993,LogisticRegression,0.9598563345997599
46969,0.897878959804979,0.9380604426092696,0.912163159952652,0.9355239941892727,0.9153650275083255,0.925377933308454,SVM,0.9380604426092696
1507,0.8422972972972973,0.9766216216216217,0.969864864864865,0.9772972972972973,0.9632432432432433,0.9701351351351353,LogisticRegression,0.9772972972972973
1496,0.8767567567567568,0.9777027027027028,0.687027027027027,0.7602702702702702,0.6743243243243244,0.9677027027027026,SVM,0.9777027027027028
803,0.9103652961295243,0.9422068354617258,0.9388399891734946,0.9389803400506878,0.8898783002386752,0.9403832582859672,SVM,0.9422068354617258
42178,0.6886240644557713,0.7941184713529905,0.7359042317246274,0.8046264073488612,0.7469829706755274,0.7593315496161044,LogisticRegression,0.8046264073488612
46280,0.7300864168656042,0.7959637516936576,0.7528005839086392,0.8034889347699853,0.7616082085941029,0.7672847845022259,LogisticRegression,0.8034889347699853
46962,0.9516072016403354,0.9677372020921592,0.9696434680270147,0.9670032036455722,0.9407578375284811,0.9617209536493373,KNN,0.9696434680270147
40666,1.0,1.0,0.975901279665495,1.0,1.0,1.0,DecisionTree,1.0
1116,0.9996968548257403,0.9996968548257403,0.9757494199002918,0.9995453396742253,0.9995453396742253,0.9996968548257403,DecisionTree,0.9996968548257403
847,0.7944945049221313,0.8547312070651827,0.8430191387282904,0.8533630802530224,0.740648992135007,0.8609667170165112,MLP,0.8609667170165112
182,0.8584758942457231,0.9009331259720061,0.9069984447900467,0.8567651632970451,0.7771384136858476,0.908398133748056,MLP,0.908398133748056
1475,0.5544298013563562,0.5330174915428151,0.5567163142171558,0.477605160352503,0.3666281884789893,0.5568805145388763,MLP,0.5568805145388763
47152,0.9870726477665264,0.980691878123961,0.9842174812210145,0.9761588592294558,0.8817990352701187,0.9895909759437391,MLP,0.9895909759437391
47151,0.9870726477665264,0.980691878123961,0.9842174812210145,0.9761588592294558,0.8817990352701187,0.9895909759437391,MLP,0.9895909759437391
41145,0.6915287619366778,0.702161205595265,0.6939313099957228,0.7217067115839975,0.652947479352873,0.6826142297985922,LogisticRegression,0.7217067115839975
980,0.9715302491103202,0.9937722419928825,0.9948398576512456,0.9895017793594306,0.9854092526690392,0.9951957295373666,MLP,0.9951957295373666
1069,0.9917698986071496,0.9958848692270857,0.9958848692270857,0.9949902546912812,0.9949904148442593,0.9948113638147158,SVM,0.9958848692270857
40499,0.9203636363636363,0.986909090909091,0.9823636363636362,0.9945454545454545,0.9523636363636363,0.9943636363636363,LogisticRegression,0.9945454545454545
30,0.9588882488960124,0.9605349227417295,0.9652859515998431,0.9594386984214436,0.9450042990825841,0.9727765395306903,MLP,0.9727765395306903
1525,0.9998166819431713,0.9684743304358336,0.9864364782788249,0.9400685931850001,0.8064500424720406,0.9857027024304752,DecisionTree,0.9998166819431713
41142,0.6251336488434136,,,0.6869691951767163,0.6707398472876696,,LogisticRegression,0.6869691951767163
1489,0.8721331414670914,0.8445614485901258,0.8774999143454277,0.7524086065714188,0.7235356494329668,0.8595496282591565,KNN,0.8774999143454277
1460,0.8664150943396226,0.9026415094339623,0.889245283018868,0.5566037735849056,0.55,0.901132075471698,SVM,0.9026415094339623
42193,0.6187954186413902,0.6688133706735603,0.6216334554071521,0.6763909234525348,0.5706620709464312,0.6788537627459428,MLP,0.6788537627459428
44124,0.8384752593352323,0.843101023219863,0.8326952841214188,0.8317287343251524,0.7467342248185165,0.8706692456192181,MLP,0.8706692456192181
44186,0.7554652213188799,0.7466875861741074,0.6957908049255931,0.7422020634241429,0.6912849332002092,0.7258207578567013,DecisionTree,0.7554652213188799
41146,0.9096370045731706,0.9067130335365853,0.820256669207317,0.9115914634146343,0.8114881859756098,0.9205684070121951,MLP,0.9205684070121951
40900,0.9894117647058824,0.9929411764705882,0.9931372549019608,0.9943137254901961,0.99,0.9933333333333334,LogisticRegression,0.9943137254901961
46806,0.7471865594953255,0.8656445029700908,0.836965051063198,0.8544487738855653,0.8208621650333257,0.8693773124003463,MLP,0.8693773124003463
43607,0.4829727854750153,0.5012885770351432,0.5044788012130581,0.519018453548988,0.5104624288913996,0.49591524449465824,LogisticRegression,0.519018453548988
46880,0.9184000000000001,0.943,0.9216000000000001,0.9411999999999999,0.7236,0.9453999999999999,MLP,0.9453999999999999
40701,0.9222000000000001,0.9062000000000001,0.8936,0.8648,0.8263999999999999,0.9238,MLP,0.9238
46372,0.6992,0.6362,0.6468,0.587,0.40780000000000005,0.7232000000000001,MLP,0.7232000000000001
60,0.7482,0.8619999999999999,0.7714000000000001,0.8652,0.7964,0.8228,LogisticRegression,0.8652
44037,0.7195171026156941,0.6122736418511068,0.6494969818913481,0.5800804828973842,0.5034205231388331,0.6629778672032194,DecisionTree,0.7195171026156941
43892,1.0,0.9673997396563214,0.7840274793375561,0.9955181026053055,0.9504894419634979,0.9885909676937162,DecisionTree,1.0
40983,0.9768556582084832,0.9460632697189058,0.9690029229020485,0.956810276308255,0.9493703368174554,0.9853278009008009,MLP,0.9853278009008009
46925,0.7986193594585541,0.6561357310326508,0.8095815575805874,0.7092138179550258,0.5936223046094499,0.7008306480486931,KNN,0.8095815575805874
44095,0.9067615540763819,0.9321901996884293,0.9084990322428361,0.9245838644195817,0.8987173677005146,0.9450129821082944,MLP,0.9450129821082944
44,0.9067615540763819,0.9321901996884293,0.9084990322428361,0.9245838644195817,0.8987173677005146,0.9450129821082944,MLP,0.9450129821082944
47153,0.9067615540763819,0.9321901996884293,0.9084990322428361,0.9245838644195817,0.8987173677005146,0.9450129821082944,MLP,0.9450129821082944
1037,0.7882510904863473,0.8312172133510117,0.8051344132510906,0.8187215368651641,0.7928491477873215,0.8388844853096596,MLP,0.8388844853096596
46960,0.6740524580105836,0.7558751949280363,0.6984605158882328,0.7680819081217886,0.7445775494030729,0.7407288391236547,LogisticRegression,0.7680819081217886
43925,0.7878045661954498,0.6324146069241444,0.7155389692896585,0.6241015846632092,0.45808966705823756,0.6949841640228976,DecisionTree,0.7878045661954498
1039,0.9491608264439689,,,0.9538895183739701,0.9503439786254843,,LogisticRegression,0.9538895183739701
720,0.7179781107641178,0.786451594418818,0.7670532618972581,0.7866902558519324,0.7134461221098474,0.7962667965504397,MLP,0.7962667965504397
41156,0.7950356795093523,0.8442257328469488,0.8208374147979131,0.8483256064063249,0.8099847399247169,0.8328934556077143,LogisticRegression,0.8483256064063249
728,0.9911156779467507,0.7603653468511669,0.9787766969600098,0.9891397603933567,0.7596249105661353,0.7601181288152106,DecisionTree,0.9911156779467507
43051,0.9675100931366671,0.9675100931366671,0.9675100931366671,0.9675100931366671,0.9675100931366671,0.9675100931366671,DecisionTree,0.9675100931366671
42810,0.6307500000000001,,,0.53525,0.569,,DecisionTree,0.6307500000000001
46578,0.005,0.005,0.005,0.005,0.005,0.005,DecisionTree,0.005
871,0.49817337409014917,0.4906415820850151,0.4854430614898756,0.4960991674125614,0.5036410923276984,0.4880475571242801,Perceptron,0.5036410923276984
40497,0.997614488731182,0.9448553410508195,0.9472433116096053,0.9628840444780156,0.9488288509845942,0.9814414952483004,DecisionTree,0.997614488731182
41946,0.9790598485780034,0.938759463874787,0.9432662884044479,0.9551959527113671,0.9435315403938377,0.9586424719377449,DecisionTree,0.9790598485780034
40708,0.981973053208495,0.9671263196725631,0.9697763802764945,0.9668607163560349,0.9612967484673354,0.9745481054684069,DecisionTree,0.981973053208495
40713,0.9854192211077345,0.9846238164667029,0.9846241677938412,0.9846238164667029,0.9811790538760168,0.9854185184534578,DecisionTree,0.9854192211077345
46912,0.7206118064802485,,,0.7392713715046604,0.7360674656014203,,LogisticRegression,0.7392713715046604
46800,0.41762187265595,0.58237812734405,0.8015001920102213,0.58237812734405,0.34746456783344276,0.8015001920102213,KNN,0.8015001920102213
40910,0.9620217464047096,0.9834511845796884,0.9837221872897155,0.9780245115883994,0.9609336907480337,0.9837229227109097,MLP,0.9837229227109097
46764,0.770977728225346,0.8191591667528725,0.8147266506515252,0.8341122515833153,0.7695854070642867,0.8363287012026681,MLP,0.8363287012026681
1042,0.8662042408440103,0.929636837706002,0.9351189956377276,0.8448623742571868,0.8255498584028842,0.9483833809482224,MLP,0.9483833809482224
1041,0.7246241750564517,0.915225120700625,0.8705270074146154,0.8788926731289844,0.8474635195096291,0.9129179817940625,SVM,0.915225120700625
1038,0.8552565590029568,0.9129246354030215,0.8102656869227474,0.8128660004740696,0.8128680797268695,0.9207101895862703,MLP,0.9207101895862703
42334,0.8662042408440103,0.929636837706002,0.9351189956377276,0.8448623742571868,0.8255498584028842,0.9483833809482224,MLP,0.9483833809482224
42882,0.9868228404099562,0.8348462664714494,0.9546120058565153,0.8585651537335286,0.43338213762811123,0.8506588579795021,DecisionTree,0.9868228404099562
44232,0.9054909482195839,0.8718892805849328,0.8868885377131255,0.859588223906065,0.838284911598255,0.9153905029467249,MLP,0.9153905029467249
40978,0.9673664122137404,,,0.9655371439210576,0.9536464345559488,,DecisionTree,0.9673664122137404
40678,0.7228125,0.7234375,0.7040625,0.7278125,0.6143750000000001,0.7231249999999999,LogisticRegression,0.7278125
40677,0.5696874999999999,0.721875,0.6290625,0.7240624999999999,0.6378125000000001,0.6121874999999999,LogisticRegression,0.7240624999999999
3,0.9956196205007825,0.9724687010954616,0.9408680555555555,0.9693348982785602,0.9399163732394367,0.9928032081377152,DecisionTree,0.9956196205007825
953,0.9275862068965518,0.8655172413793103,0.7329153605015672,0.7956112852664576,0.7191222570532915,0.8789968652037619,DecisionTree,0.9275862068965518
40670,0.9146237998454747,0.9595094560611802,0.7586325005044217,0.9322012962407051,0.9425569504387237,0.948836877408306,SVM,0.9595094560611802
46737,0.7352644987863347,0.461684286545367,0.547811891913579,0.4505968023430761,0.20725390679853156,0.4521805853678108,DecisionTree,0.7352644987863347
41158,0.8550559706185696,0.9070651271602144,0.8119206097653008,0.825883832666717,0.818901718109325,0.9232450381103312,MLP,0.9232450381103312
41144,0.7442675159235669,0.5028662420382165,0.5732484076433122,0.5630573248407644,0.5019108280254777,0.5006369426751591,DecisionTree,0.7442675159235669
737,0.7827433193014068,0.7879051006829562,0.8162164541166359,0.8374631726651858,0.7464223765216357,0.8139692747409789,LogisticRegression,0.8374631726651858
45059,0.9052490779699756,0.9307121707963223,0.9265181029556906,0.9310321541738091,0.9223261129291984,0.9323214378473844,MLP,0.9323214378473844
41143,0.7372618124177936,0.7861887738468629,0.7583701505289311,0.781163086124133,0.6919980214270457,0.7560267781862332,SVM,0.7861887738468629
40476,0.5907142857142856,0.7110714285714287,0.6714285714285715,0.7139285714285715,0.6228571428571429,0.7,LogisticRegression,0.7139285714285715
40478,0.5907142857142856,0.7110714285714287,0.6714285714285715,0.7139285714285715,0.6228571428571429,0.7,LogisticRegression,0.7139285714285715
40477,0.5907142857142856,0.7110714285714287,0.6714285714285715,0.7139285714285715,0.6228571428571429,0.7,LogisticRegression,0.7139285714285715
40475,0.5907142857142856,0.7110714285714287,0.6714285714285715,0.7139285714285715,0.6228571428571429,0.7,LogisticRegression,0.7139285714285715
40474,0.5907142857142856,0.7110714285714287,0.6714285714285715,0.7139285714285715,0.6228571428571429,0.7,LogisticRegression,0.7139285714285715
42530,0.33641580349453926,0.27667302476438815,0.34522458571761994,0.2758682022679898,0.2441630248448705,0.2598280899147693,KNN,0.34522458571761994
1485,0.7446153846153847,0.5746153846153847,0.5261538461538462,0.55,0.5,0.4976923076923077,DecisionTree,0.7446153846153847
46956,0.8761579176225391,0.9342104868576913,0.9318871545739433,0.9318894036855442,0.9109989054323542,0.9214377820760801,SVM,0.9342104868576913
43980,0.761153447680442,0.5200015348605195,0.746672806108745,0.7400199531867542,0.6241318445186294,0.7294470664978321,DecisionTree,0.761153447680442
1487,0.9088468944656236,0.9368586820091837,0.9352807727389667,0.9400145005496177,0.8169375774726946,0.9396208028315052,LogisticRegression,0.9400145005496177
46564,0.3509427561614441,0.37798131843857485,0.3584990059642147,0.3907065543248446,0.3362570608097447,0.34140237937454637,LogisticRegression,0.3907065543248446
46951,0.8347999999999999,0.52,0.8732,0.8784000000000001,0.7144,0.8596,LogisticRegression,0.8784000000000001
1548,0.5748,0.4692,0.466,0.5008000000000001,0.46840000000000004,0.4888,DecisionTree,0.5748
316,0.9710375921838372,0.9859333025340931,0.9859333025340931,0.976828704891946,0.9722755505364201,0.9851060007186488,SVM,0.9859333025340931
312,0.9218976716902029,0.9576263144727875,0.8878244666626408,0.973829590842039,0.9613598916503481,0.9788131572363937,MLP,0.9788131572363937
46930,0.8320833333333333,0.8420833333333334,0.8591666666666666,0.8883333333333333,0.7808333333333334,0.9158333333333335,MLP,0.9158333333333335
45968,1.0,0.4890018633317806,0.9991543340380549,0.9995771670190274,0.7791512882072599,0.9995771670190274,DecisionTree,1.0
36,0.9645021645021645,0.9173160173160173,0.9354978354978355,0.9320346320346321,0.8562770562770563,0.9718614718614719,MLP,0.9718614718614719
46940,0.8245535714285716,0.8508928571428573,0.8674107142857143,0.8816964285714285,0.8227678571428572,0.8794642857142858,LogisticRegression,0.8816964285714285
40704,0.7905524634096063,0.7801041022469594,0.7746495567924139,0.7760152545866832,0.626609977324263,0.7814677386105957,DecisionTree,0.7905524634096063
772,0.5155963302752293,0.5495792470737109,0.5417905726036064,0.5587577770747654,0.4926732046820626,0.5569281872825055,LogisticRegression,0.5587577770747654
46863,1.0,0.999529411764706,0.9971775752554544,1.0,0.999529411764706,0.999529411764706,DecisionTree,1.0
1560,0.9825926539629937,0.9835349351008009,0.9887080916873792,0.991530516431925,0.9825926539629937,0.9872985363159348,LogisticRegression,0.991530516431925
46597,0.9355842380648269,0.6797609043953704,0.8133530525584574,0.8754081095313323,0.5840879298174851,0.9175803614444332,DecisionTree,0.9355842380648269
1067,0.8141290765611103,0.8549042563969786,0.8231495761614751,0.8553815672456688,0.815022908669271,0.8567932365953327,MLP,0.8567932365953327
914,0.8345798004987532,0.8390798004987531,0.8071009975062344,0.8280798004987531,0.5491134663341646,0.7810798004987531,SVM,0.8390798004987531
44431,0.6460000000000001,0.7325000000000002,0.6914999999999999,0.717,0.6579999999999999,0.7044999999999999,SVM,0.7325000000000002
44415,0.8365,0.8315000000000001,0.8530000000000001,0.8399999999999999,0.7335,0.9075,MLP,0.9075
1020,0.9655000000000001,0.9945,0.9834999999999999,0.99,0.9799999999999999,0.9964999999999999,MLP,0.9964999999999999
44400,0.7795,0.808,0.7935,0.757,0.625,0.8375,MLP,0.8375
44460,0.6105,0.681,0.649,0.6799999999999999,0.6239999999999999,0.6655,SVM,0.681
12,0.8734999999999999,0.9620000000000001,0.9664999999999999,0.9795,0.9225,0.97,LogisticRegression,0.9795
1022,0.9855,0.9960000000000001,0.9964999999999999,0.9945,0.9904999999999999,0.9964999999999999,KNN,0.9964999999999999
44433,0.7545,0.7549999999999999,0.7430000000000001,0.7385,0.6214999999999999,0.7625,MLP,0.7625
44443,0.7275,0.771,0.735,0.776,0.673,0.7705,LogisticRegression,0.776
18,0.653,0.702,0.718,0.7430000000000001,0.5195,0.7285,LogisticRegression,0.7430000000000001
44723,0.7885,0.8145,0.7975,0.8145,0.762,0.8320000000000001,MLP,0.8320000000000001
44685,0.6174999999999999,0.7005000000000001,0.638,0.7024999999999999,0.5815,0.672,LogisticRegression,0.7024999999999999
44693,0.9935,0.9925,0.9925,0.9935,0.9855,0.9925,DecisionTree,0.9935
44699,0.6765,0.797,0.7525000000000001,0.7675,0.729,0.785,SVM,0.797
44703,0.6249999999999999,0.659,0.6050000000000001,0.654,0.529,0.6525000000000001,SVM,0.659
995,0.9825000000000002,0.9945,0.9935,0.9955,0.991,0.9945,LogisticRegression,0.9955
44668,0.438,0.495,0.479,0.477,0.3545,0.5025000000000001,MLP,0.5025000000000001
971,0.99,0.9995,0.999,0.9984999999999999,0.998,0.9975000000000002,SVM,0.9995
44713,0.9104999999999999,0.7144999999999999,0.9155,0.9355,0.6285,0.546,LogisticRegression,0.9355
44677,0.9225000000000001,0.932,0.913,0.9275,0.8664999999999999,0.9365,MLP,0.9365
44678,0.898,0.8865000000000001,0.8,0.909,0.7414999999999999,0.8969999999999999,LogisticRegression,0.909
44645,0.9915,0.9595,0.9265000000000001,0.9654999999999999,0.9244999999999999,0.9905000000000002,DecisionTree,0.9915
44661,0.9084999999999999,0.8879999999999999,0.8940000000000001,0.8644999999999999,0.726,0.906,DecisionTree,0.9084999999999999
44657,0.6515,0.6705,0.6765,0.651,0.6045,0.6915,MLP,0.6915
44629,0.826,0.8555000000000001,0.844,0.8590000000000002,0.7585,0.8605,MLP,0.8605
44740,0.199,0.335,0.2375,0.279,0.22349999999999998,0.274,SVM,0.335
44748,0.5645,0.578,0.5225,0.572,0.508,0.5239999999999999,SVM,0.578
44566,0.6990000000000001,0.6815,0.6635000000000001,0.6900000000000001,0.583,0.657,DecisionTree,0.6990000000000001
44568,0.7889999999999999,0.8414999999999999,0.8109999999999999,0.844,0.7985,0.8175000000000001,LogisticRegression,0.844
44633,0.907,0.8765000000000001,0.8850000000000001,0.8615,0.7545,0.9180000000000001,MLP,0.9180000000000001
44558,0.5885,0.5029999999999999,0.5205,0.556,0.49899999999999994,0.4915,DecisionTree,0.5885
44638,0.8,0.8790000000000001,0.674,0.868,0.8314999999999999,0.874,SVM,0.8790000000000001
44527,0.7184999999999999,0.7825000000000001,0.7435,0.7595,0.752,0.7415,SVM,0.7825000000000001
44528,0.5505,0.581,0.5445,0.5885,0.5005,0.5599999999999999,LogisticRegression,0.5885
44544,0.8029999999999999,0.841,0.756,0.799,0.751,0.8495000000000001,MLP,0.8495000000000001
44513,0.6154999999999999,0.8515,0.75,0.8344999999999999,0.6965,0.8879999999999999,MLP,0.8879999999999999
44419,0.5944999999999999,0.6195,0.5700000000000001,0.6125,0.5509999999999999,0.6174999999999999,SVM,0.6195
44454,0.6415,0.6755,0.659,0.6910000000000001,0.5595000000000001,0.709,MLP,0.709
44518,0.26999999999999996,0.27749999999999997,0.23450000000000001,0.298,0.24549999999999997,0.275,LogisticRegression,0.298
44777,0.727,0.8785000000000001,0.8685,0.8785000000000001,0.7264999999999999,0.8785000000000001,SVM,0.8785000000000001
46752,1.0,0.9029999999999999,0.8695,0.8240000000000001,0.7649999999999999,0.9824999999999999,DecisionTree,1.0
44733,0.40149999999999997,0.4535,0.4784999999999999,0.5135000000000001,0.40599999999999997,0.517,MLP,0.517
44756,0.7270000000000001,0.8305,0.7689999999999999,0.7415,0.6754999999999999,0.908,MLP,0.908
44488,0.9695,0.946,0.9564999999999999,0.9515,0.946,0.9780000000000001,MLP,0.9780000000000001
44493,0.495,0.4955,0.5029999999999999,0.5235000000000001,0.49800000000000005,0.488,LogisticRegression,0.5235000000000001
44347,0.675,0.7055,0.6195,0.652,0.6095,0.7425,MLP,0.7425
44227,0.6555,0.7075,0.659,0.7114999999999999,0.619,0.7035,LogisticRegression,0.7114999999999999
44362,0.7875,0.6575,0.7945,0.8404999999999999,0.6545,0.7819999999999999,LogisticRegression,0.8404999999999999
44367,0.746,0.619,0.7404999999999999,0.7375,0.579,0.705,DecisionTree,0.746
44407,0.8150000000000001,0.8325000000000001,0.8345,0.734,0.7100000000000001,0.8424999999999999,MLP,0.8424999999999999
44382,0.9605,0.8864999999999998,0.9225,0.876,0.8285,0.976,MLP,0.976
46944,0.8405000000000001,0.9005000000000001,0.5015000000000001,0.9630000000000001,0.675,0.8724999999999999,LogisticRegression,0.9630000000000001
44504,0.7305766835396073,0.6888174807197943,0.7341504783611164,0.7161251424482549,0.5435268862799142,0.7460101237643442,MLP,0.7460101237643442
44621,0.9768501298483706,0.9033509256932227,0.9369255256764681,0.6892167211192092,0.6533383597218732,0.9872681578286,MLP,0.9872681578286
40664,0.9664321018681411,0.9693289771299322,0.8229153053531038,0.9259210856999246,0.865173829270336,0.9959520817625869,MLP,0.9959520817625869
991,0.9918974616737873,0.950833542766189,0.9728139398508837,0.7175806316494932,0.6013520985172154,0.9884275781184553,DecisionTree,0.9918974616737873
46938,0.8014964610717896,0.8862453656892484,0.8728968655207279,0.8850825749915741,0.8850825749915741,0.8543191776204921,SVM,0.8862453656892484
45648,0.8150575665469283,0.8599171041724233,0.8544644008473796,0.8696232845169016,0.7652003315833102,0.8611310675140462,LogisticRegression,0.8696232845169016
40647,0.57875,0.664375,0.599375,0.500625,0.49124999999999996,0.684375,MLP,0.684375
40649,0.5493750000000001,0.6356249999999999,0.548125,0.476875,0.49499999999999994,0.625,SVM,0.6356249999999999
1501,0.7363182902545297,0.953539953865263,0.9070838508704482,0.9171270282525976,0.8731787622483784,0.9259084008596045,SVM,0.953539953865263
1050,0.8521811255836814,0.8982735315802408,0.8873863357090194,0.8976284099287295,0.8612087326943557,0.8886663389858278,SVM,0.8982735315802408
1146,0.9896440129449837,,,0.9967637540453074,0.9967637540453074,,LogisticRegression,0.9967637540453074
1130,0.9650485436893204,,,0.9818770226537218,0.977346278317152,,LogisticRegression,0.9818770226537218
1139,0.9346278317152104,,,0.9508090614886731,0.9553398058252428,,Perceptron,0.9553398058252428
1161,0.9533980582524272,,,0.9663430420711976,0.964401294498382,,LogisticRegression,0.9663430420711976
1138,0.9087378640776699,,,0.945631067961165,0.9300970873786408,,LogisticRegression,0.945631067961165
1142,0.9326860841423947,,,0.9631067961165047,0.9624595469255663,,LogisticRegression,0.9631067961165047
1134,0.9708737864077669,,,0.9864077669902913,0.9870550161812297,,Perceptron,0.9870550161812297
1166,0.906148867313916,,,0.9158576051779935,0.916504854368932,,Perceptron,0.916504854368932
1128,0.9320388349514562,,,0.9689320388349515,0.9656957928802589,,LogisticRegression,0.9689320388349515
46758,0.9807043189368772,0.9228217054263567,0.9188460686600222,0.7298870431893686,0.5368682170542637,0.9215127353266889,DecisionTree,0.9807043189368772
44480,0.14866666666666667,0.17600000000000002,0.10866666666666666,0.19533333333333333,0.16666666666666666,0.18533333333333335,LogisticRegression,0.19533333333333333
46927,0.6986666666666668,0.7706666666666666,0.7586666666666667,0.7773333333333333,0.6626666666666667,0.7773333333333332,LogisticRegression,0.7773333333333333
47150,0.9322641467082668,0.9597450113353234,0.9584094633117101,0.9235370698749747,0.8725415815582143,0.9651231173262105,MLP,0.9651231173262105
983,0.6537368845843423,0.7060071486221607,0.6327199354317998,0.6713732272570045,0.6136492563126945,0.7033206502940159,SVM,0.7060071486221607
44614,0.49150236365732736,0.555996771589992,0.4888112533148853,0.5132018909258619,0.4541842499711749,0.5403989392367117,SVM,0.555996771589992
43896,0.7782312925170068,0.8387755102040817,0.8414965986394558,0.8680272108843538,0.745578231292517,0.8741496598639454,MLP,0.8741496598639454
44609,0.8689850774372735,0.9026173327684412,0.8895871581226757,0.9122087275808501,0.8765263851621711,0.9115379183731112,LogisticRegression,0.9122087275808501
1049,0.8689850774372735,0.9026173327684412,0.8895871581226757,0.9122087275808501,0.8765263851621711,0.9115379183731112,LogisticRegression,0.9122087275808501
46876,0.7466912035333089,0.8334511102932156,0.8124622745675378,0.8334511102932156,0.6938657833394675,0.7879646669120353,SVM,0.8334511102932156
46782,0.4437188612099644,0.7435917641077784,0.686624300965938,0.6944356888662938,0.620373665480427,0.6851906456532791,SVM,0.7435917641077784
46851,0.2476534296028881,0.24620938628158845,0.251985559566787,0.24837545126353788,0.24981949458483754,0.26137184115523465,MLP,0.26137184115523465
1462,0.9832329130723292,1.0,0.9978102189781021,0.9810510948905108,0.9795779694757796,1.0,SVM,1.0
46963,0.8751072844061774,0.8544184775181085,0.8544048107147738,0.8218860188601885,0.7368019680196801,0.8891676916769168,MLP,0.8891676916769168
966,0.9261194029850748,0.923134328358209,0.9432835820895523,0.95,0.9395522388059703,0.9455223880597015,LogisticRegression,0.95
185,0.9164179104477611,0.9126865671641792,0.9305970149253732,0.9343283582089553,0.9104477611940298,0.9305970149253732,LogisticRegression,0.9343283582089553
40680,1.0,1.0,0.8791480846197827,1.0,1.0,1.0,DecisionTree,1.0
41705,0.3964622429738709,0.2673939720451349,0.4134386878572925,0.3903025949537577,0.2272395318906947,0.39339139804256085,KNN,0.4134386878572925
1566,0.5692854470632248,0.5205761316872428,0.5470292147059824,0.6683229602421521,0.5924361459714995,0.5824779784375744,LogisticRegression,0.6683229602421521
897,0.9715850229391743,0.968991416309013,0.945722953973657,0.9836317892555867,0.9638264022495191,0.9879347343495632,MLP,0.9879347343495632
934,0.9204172264517092,0.9229847738468427,0.9247201074787281,0.923858038513211,0.8876175548589341,0.9325085833706523,MLP,0.9325085833706523
46422,0.6888888888888889,0.8,0.7813333333333333,0.7937777777777777,0.7991111111111111,0.7831111111111111,SVM,0.8
40706,0.6335357142857143,0.2953650793650794,0.29632936507936514,0.42793253968253975,0.4750873015873015,1.0,MLP,1.0
1068,0.9089193265663853,0.9323712853124618,0.9260527495821614,0.929656353185765,0.9026170967347438,0.9188373894256248,SVM,0.9323712853124618
1552,0.33090909090909093,0.32818181818181813,0.3127272727272727,0.3381818181818182,0.2627272727272727,0.3463636363636364,MLP,0.3463636363636364
44604,0.44351851851851853,0.44074074074074077,0.37222222222222223,0.45925925925925926,0.41574074074074074,0.4564814814814815,LogisticRegression,0.45925925925925926
1468,0.8648148148148147,0.8592592592592592,0.8481481481481481,0.9416666666666667,0.8796296296296295,0.9425925925925925,MLP,0.9425925925925925
1453,0.8505167958656331,0.8755813953488373,0.8598105081826013,0.878380706287683,0.8357192075796729,0.8653617571059431,LogisticRegression,0.878380706287683
46184,0.7288842086788645,0.7448510376903164,0.6988679742003423,0.760782765126585,0.6312404019130359,0.738269492343469,LogisticRegression,0.760782765126585
40687,0.7241893729981133,0.7617129568689396,0.6979333947610898,0.7626606993988855,0.6135097187486289,0.7363696195866789,LogisticRegression,0.7626606993988855
44602,0.8180094786729857,0.8075829383886255,0.8616113744075831,0.8701421800947868,0.7819905213270143,0.8739336492890996,MLP,0.8739336492890996
45077,0.7943127962085308,0.804739336492891,0.8511848341232229,0.8597156398104264,0.7393364928909952,0.872037914691943,MLP,0.872037914691943
1444,0.8340955097534044,0.8782388663967613,0.862881854987118,0.8734311740890689,0.8379324622745676,0.8676711446448289,SVM,0.8782388663967613
679,0.47464849354375893,0.39453371592539455,0.49513151602104255,0.4589765662362506,0.2822238163558106,0.2987709230033477,KNN,0.49513151602104255
46842,0.8481636833634102,0.40927669121591964,0.6853826269326441,0.6173389260108277,0.3884407159927815,0.537501829000634,DecisionTree,0.8481636833634102
42809,0.611,,,0.5740000000000001,0.58,,DecisionTree,0.611
910,0.8619999999999999,0.791,0.78,0.686,0.6,0.885,MLP,0.885
45604,0.866,0.9649999999999999,0.9380000000000001,0.9950000000000001,0.9550000000000001,0.992,LogisticRegression,0.9950000000000001
45748,0.8160000000000001,0.889,0.769,0.892,0.8400000000000001,0.89,LogisticRegression,0.892
46562,0.683,0.7620000000000001,0.696,0.756,0.6449999999999999,0.7070000000000001,SVM,0.7620000000000001
1555,0.23200000000000004,0.24,0.176,0.16699999999999998,0.142,0.19,SVM,0.24
46416,0.683,0.761,0.7340000000000001,0.7590000000000001,0.708,0.726,SVM,0.761
43097,0.8160000000000001,0.889,0.769,0.892,0.8400000000000001,0.89,LogisticRegression,0.892
43255,0.8160000000000001,0.889,0.769,0.892,0.8400000000000001,0.89,LogisticRegression,0.892
46502,0.683,0.7310000000000001,0.6900000000000001,0.734,0.6709999999999999,0.7160000000000001,LogisticRegression,0.734
44098,0.6940000000000001,0.728,0.718,0.715,0.612,0.7,SVM,0.728
44097,0.6940000000000001,0.728,0.718,0.715,0.612,0.7,SVM,0.728
1547,0.649,0.762,0.746,0.735,0.697,0.7040000000000001,SVM,0.762
1016,0.9868686868686869,0.9939393939393939,0.997979797979798,0.9707070707070707,0.9424242424242424,0.997979797979798,KNN,0.997979797979798
40693,0.9969230769230769,1.0,0.9486069257203278,0.8139730372720063,0.7574041765794342,1.0,SVM,1.0
45557,0.7253130397236615,0.7898100172711572,0.7638007340241796,0.790808506044905,0.6879425734024179,0.7866688255613126,LogisticRegression,0.790808506044905
40705,0.9072098603839441,0.9311845549738221,0.931173647469459,0.9217931937172775,0.8707078970331589,0.9218095549738219,SVM,0.9311845549738221
50,0.8810100349040141,0.8862238219895288,0.8517888307155325,0.6742910122164049,0.617888307155323,0.924825479930192,MLP,0.924825479930192
45545,0.8962248553320473,0.8155084045191513,0.8668724166437034,0.8259961421879305,0.7118049049324883,0.8301846238633231,DecisionTree,0.8962248553320473
841,0.9494736842105264,0.8663157894736843,0.9557894736842105,0.8399999999999999,0.7757894736842104,0.8863157894736842,KNN,0.9557894736842105
1233,0.3576719576719577,,,0.6497354497354497,0.31534391534391537,,LogisticRegression,0.6497354497354497
311,0.9519626806235066,0.9562464444191603,0.9626521788599385,0.9636932529297987,0.9060075093867335,0.9679827056547957,MLP,0.9679827056547957
45939,1.0,1.0,1.0,1.0,1.0,1.0,DecisionTree,1.0
43941,0.992203600248293,0.8173618870266915,0.8184729981378027,0.9821787709497206,0.8743016759776537,0.9788392302917442,DecisionTree,0.992203600248293
44555,0.691521058127393,0.5365958927949878,0.7175147928994083,0.7872607030978072,0.4301427079707623,0.7329133310128786,LogisticRegression,0.7872607030978072
44153,0.691521058127393,0.5365958927949878,0.7175147928994083,0.7872607030978072,0.4301427079707623,0.7329133310128786,LogisticRegression,0.7872607030978072
54,0.691521058127393,0.5365958927949878,0.7175147928994083,0.7872607030978072,0.4301427079707623,0.7329133310128786,LogisticRegression,0.7872607030978072
970,0.9453014933784164,0.9988165680473372,0.9952451394759088,0.9952521837137223,0.9952521837137223,0.9952521837137223,SVM,0.9988165680473372
46846,0.8092600513259194,0.8688694040490448,0.83071000855432,0.8688622754491018,0.8045195323638439,0.8521813515825493,SVM,0.8688694040490448
47155,0.7174999999999999,0.83625,0.77125,0.8475000000000001,0.7575,0.7875000000000001,LogisticRegression,0.8475000000000001
46667,0.56125,0.5125,0.66875,0.7050000000000001,0.5075,0.6849999999999999,LogisticRegression,0.7050000000000001
469,0.17069182389937104,0.22209905660377358,0.17443396226415092,0.2220754716981132,0.18942610062893078,0.21698899371069183,SVM,0.22209905660377358
839,0.9232810713702435,0.8069328760411564,0.9169198105503839,0.8568103870651642,0.732696390658174,0.8209374489629268,DecisionTree,0.9232810713702435
46827,0.4094458229942101,0.6354011579818031,0.6135814722911498,0.6289909015715467,0.5905541770057898,0.6071877584780812,SVM,0.6354011579818031
37,0.7017485782191665,0.7629997453526866,0.7278244631185808,0.7746965452847806,0.7162380103556574,0.7617180205415499,LogisticRegression,0.7746965452847806
1464,0.7071856823266219,0.7740492170022372,0.7807606263982102,0.7727069351230426,0.7500492170022371,0.7927695749440715,MLP,0.7927695749440715
44588,0.6181283324140467,0.2907611693325979,0.5408622908622908,0.6440706012134584,0.20797021511307223,0.3398234969663541,LogisticRegression,0.6440706012134584
46505,0.6953865578865578,0.6077894327894328,0.605011655011655,0.6049922299922301,0.5729992229992231,0.6537198912198912,DecisionTree,0.6953865578865578
46382,0.79001554001554,0.4380827505827506,0.39500777000777,0.4283508158508159,0.29488150738150737,0.4992521367521368,DecisionTree,0.79001554001554
45712,0.6384277294975527,0.6257416841474378,0.6256617720507441,0.622864848666467,0.5352612126660674,0.6666666666666667,MLP,0.6666666666666667
1451,0.8808510638297872,0.9134751773049645,0.902127659574468,0.9078014184397164,0.8397163120567376,0.9049645390070923,SVM,0.9134751773049645
15,0.935611510791367,0.9656526207605344,0.9670709146968139,0.9656628982528263,0.9513874614594039,0.9628057553956835,KNN,0.9670709146968139
40981,0.8231884057971014,0.855072463768116,0.846376811594203,0.8623188405797102,0.8318840579710145,0.8507246376811594,LogisticRegression,0.8623188405797102
44484,0.8231884057971014,0.855072463768116,0.846376811594203,0.8623188405797102,0.8318840579710145,0.8507246376811594,LogisticRegression,0.8623188405797102
1023,0.9677651352511807,0.9604658651781881,0.9560326320309145,0.95167453842851,0.907674967797338,0.9692571919278661,MLP,0.9692571919278661
46584,0.4594546066659184,0.5089664459656603,0.48649983166872407,0.5045000561104254,0.44889462462125457,0.5029514083716754,SVM,0.5089664459656603
795,0.5135110503531556,0.5241626794258373,0.534609250398724,0.5423558897243107,0.5136249715197083,0.5332877648667121,LogisticRegression,0.5423558897243107
931,0.49095465937571203,0.5664388243335612,0.48637502848029157,0.5543517885623148,0.5060036454773297,0.5528480291638187,SVM,0.5664388243335612
827,0.4969583048530417,0.5166666666666667,0.5256094782410571,0.5513898382319435,0.5030075187969925,0.5349168375484166,LogisticRegression,0.5513898382319435
774,0.5180678970152656,0.5181134654818865,0.4985304169514696,0.5543631806789702,0.5059580770107086,0.5603668261562998,MLP,0.5603668261562998
1443,0.8835156071998178,0.9258828890407838,0.9198108908635223,0.9213146502620188,0.8667691957165641,0.925814536340852,SVM,0.9258828890407838
1145,0.9428571428571428,,,0.9619047619047618,0.9587301587301587,,LogisticRegression,0.9619047619047618
997,0.8624,0.9663999999999999,0.9024000000000001,0.952,0.8800000000000001,0.9904,MLP,0.9904
770,0.9503999999999999,0.504,0.8576,0.6432,0.5008,0.6608,DecisionTree,0.9503999999999999
43595,0.6970545115287219,0.8045848327335733,0.785072637611622,0.8045981607357058,0.7736372117819539,0.7573770491803279,LogisticRegression,0.8045981607357058
1158,0.9503305785123967,,,0.9768319559228651,0.9768319559228651,,LogisticRegression,0.9768319559228651
334,0.9916666666666666,0.7121625344352618,0.850151515151515,0.6406060606060606,0.5556749311294766,0.9450550964187329,DecisionTree,0.9916666666666666
377,0.9,0.9800000000000001,0.9733333333333333,0.9883333333333333,0.745,0.9716666666666667,LogisticRegression,0.9883333333333333
41945,0.6397877984084881,0.7135573239021515,0.6654877689360448,0.715281461833186,0.6292956086059535,0.7101237842617152,LogisticRegression,0.715281461833186
1480,0.6467285587975242,0.7135573239021515,0.6654877689360448,0.715281461833186,0.6292956086059535,0.7014736221632775,LogisticRegression,0.715281461833186
826,0.6527886056971515,0.6285007496251873,0.6094152923538231,0.5780509745127437,0.5120389805097452,0.675352323838081,MLP,0.675352323838081
1510,0.9104021114733737,0.9666200900481291,0.9630957925787922,0.9736686849868033,0.9454898307716194,0.9683900015525537,LogisticRegression,0.9736686849868033
947,0.9606338481338481,0.9749517374517375,0.9767374517374516,0.9749517374517375,0.9749517374517375,0.9785231660231659,MLP,0.9785231660231659
949,0.8336550836550837,0.8693854568854569,0.8479407979407979,0.8586711711711713,0.811969111969112,0.8675997425997425,SVM,0.8693854568854569
1137,0.9560133444537116,,,0.979833194328607,0.9798498748957465,,Perceptron,0.9798498748957465
1165,0.9427964661909616,,,0.9741930003397894,0.972375127420999,,LogisticRegression,0.9741930003397894
46879,0.437037037037037,0.4185185185185185,0.46111111111111114,0.337037037037037,0.3111111111111111,0.37222222222222223,KNN,0.46111111111111114
1467,0.8814814814814815,0.9148148148148147,0.9055555555555556,0.9018518518518519,0.9,0.8925925925925926,SVM,0.9148148148148147
954,0.9435020278610475,0.898289543290425,0.9416328689825427,0.9774113912890142,0.8926115323576088,0.943519661435373,LogisticRegression,0.9774113912890142
45717,0.5830188679245283,0.6735849056603773,0.6150943396226415,0.6622641509433962,0.6018867924528302,0.6320754716981132,SVM,0.6735849056603773
41701,0.44212039532794245,0.5730817610062893,0.49335130278526507,0.4877088948787061,0.4152920035938904,0.5123090745732255,SVM,0.5730817610062893
940,0.9125426774483378,0.8481940700808626,0.853854447439353,0.9051572327044024,0.8481401617250673,0.8615094339622642,DecisionTree,0.9125426774483378
1063,0.819981684981685,0.8276007326007326,0.8352380952380953,0.8352930402930403,0.8123626373626374,0.8333516483516483,LogisticRegression,0.8352930402930403
46869,0.9673076923076922,0.9615384615384615,0.9153846153846154,0.9288461538461539,0.8634615384615385,0.9692307692307691,MLP,0.9692307692307691
40690,0.9883114410812869,0.9941366837997336,0.9413668379973348,0.8144298496097468,0.7675042832667047,0.9765848086807539,SVM,0.9941366837997336
717,0.8346922927586876,0.8562415065035915,0.8523587652882936,0.8917297612114152,0.8343234323432343,0.8404969908755581,LogisticRegression,0.8917297612114152
825,0.8042516016307513,0.5592894583576005,0.8636769559308872,0.8695593088720637,0.48427489807804314,0.7488837119006019,LogisticRegression,0.8695593088720637
853,0.8142496602601437,0.8556202679091438,0.8438361483207144,0.8615608619685498,0.8338575033973985,0.8754222481071636,MLP,0.8754222481071636
779,0.8300000000000001,0.6659999999999999,0.634,0.644,0.612,0.646,DecisionTree,0.8300000000000001
886,0.618,0.558,0.604,0.576,0.53,0.646,MLP,0.646
40496,0.702,0.718,0.7,0.73,0.654,0.712,LogisticRegression,0.73
451,0.976,0.924,0.932,0.766,0.702,0.976,DecisionTree,0.976
987,1.0,0.962,0.8920000000000001,0.984,0.9259999999999999,0.952,DecisionTree,1.0
47048,0.742,0.874,0.852,0.874,0.6960000000000001,0.8620000000000001,SVM,0.874
750,0.556,0.506,0.558,0.496,0.5,0.582,MLP,0.582
43327,0.05,0.05,0.05,0.05,0.05,0.05,DecisionTree,0.05
1153,0.8988402061855669,,,0.9318084192439862,0.9400987972508592,,Perceptron,0.9400987972508592
1100,0.4789473684210527,0.5167324561403509,0.5417324561403509,0.5376535087719299,0.45375,0.5229605263157895,KNN,0.5417324561403509
40665,1.0,0.9348684210526315,0.8928508771929824,0.9957894736842106,0.9642105263157894,0.9789912280701755,DecisionTree,1.0
765,0.9157894736842105,0.8652631578947367,0.9221052631578948,0.8652631578947367,0.8378947368421052,0.8736842105263157,KNN,0.9221052631578948
767,0.9073684210526316,0.8715789473684211,0.9347368421052632,0.8715789473684211,0.8421052631578949,0.8926315789473683,KNN,0.9347368421052632
1150,0.9382978723404255,,,0.9446808510638297,0.948936170212766,,Perceptron,0.948936170212766
1506,0.778723404255319,0.851063829787234,0.8382978723404255,0.8297872340425532,0.6212765957446809,0.7978723404255319,SVM,0.851063829787234
724,0.822740791580874,0.7713109128345916,0.8548158316174789,0.5747197437657287,0.4742164264470373,0.7778311599176391,KNN,0.8548158316174789
1148,0.9230610844200411,,,0.9572409059711736,0.9637153969343399,,Perceptron,0.9637153969343399
814,0.8525966598032488,0.5470144131777624,0.8739190116678106,0.5257378174330817,0.508716540837337,0.4957446808510638,KNN,0.8739190116678106
1498,0.5780504908835905,0.718770453482936,0.6386863020102852,0.7210378681626928,0.6368162692847126,0.6884057971014492,LogisticRegression,0.7210378681626928
1065,0.89089823220258,0.9061395126612517,0.9104395604395604,0.9192307692307692,0.8735785953177257,0.917032967032967,LogisticRegression,0.9192307692307692
1149,0.943191591017678,,,0.980315336837076,0.9737697085523174,,LogisticRegression,0.980315336837076
764,0.9133333333333334,0.8777777777777779,0.9177777777777779,0.8777777777777779,0.5644444444444444,0.8755555555555556,KNN,0.9177777777777779
1511,0.8795454545454545,0.9068181818181819,0.9045454545454545,0.9113636363636364,0.8954545454545453,0.9181818181818182,MLP,0.9181818181818182
1127,0.931064425770308,,,0.9667226890756302,0.9119607843137254,,LogisticRegression,0.9667226890756302
46843,0.6269936890418818,0.7296041308089501,0.6626219162363741,0.7222891566265061,0.5855421686746988,0.6720596672403902,SVM,0.7296041308089501
1122,0.9903320599471055,,,0.9903320599471055,0.9854540111666177,,DecisionTree,0.9903320599471055
1126,0.9392594769321188,,,0.9588304437261239,0.9514252130473112,,LogisticRegression,0.9588304437261239
957,0.7278871583896562,0.7694093446958566,0.7548633558624742,0.803379371143109,0.5439612106964443,0.7596532471348809,LogisticRegression,0.803379371143109
1160,0.9121951219512194,,,0.9439024390243901,0.9463414634146341,,Perceptron,0.9463414634146341
455,0.8348690153568203,0.6280939476061428,0.7414031918096958,0.746311352002409,0.6674495633845228,0.7635049683830172,DecisionTree,0.8348690153568203
1123,0.9432098765432098,,,0.9851851851851852,0.9679012345679012,,LogisticRegression,0.9851851851851852
1071,0.8859876543209877,0.9205864197530864,0.9156172839506173,0.937962962962963,0.9081172839506172,0.9107407407407407,LogisticRegression,0.937962962962963
1508,0.883611111111111,0.8860493827160493,0.7841666666666666,0.890925925925926,0.5306481481481481,0.9158024691358024,MLP,0.9158024691358024
907,0.47750000000000004,0.5225,0.485,0.5025000000000001,0.495,0.48250000000000004,SVM,0.5225
909,0.49499999999999994,0.49749999999999994,0.5125,0.5025000000000001,0.495,0.47000000000000003,KNN,0.5125
908,0.45499999999999996,0.5200000000000001,0.49000000000000005,0.49250000000000005,0.5049999999999999,0.5349999999999999,MLP,0.5349999999999999
900,0.5349999999999999,0.5925,0.595,0.5875,0.53,0.5375,KNN,0.595
906,0.5,0.5175000000000001,0.4774999999999999,0.4625,0.5125,0.5175,SVM,0.5175000000000001
475,0.33499999999999996,0.215,0.21749999999999997,0.35750000000000004,0.3025,0.29000000000000004,LogisticRegression,0.35750000000000004
40663,0.6115189873417722,0.5313607594936709,0.6015189873417722,0.5690506329113925,0.4713291139240507,0.6015506329113924,DecisionTree,0.6115189873417722
831,0.8868037974683544,0.8893354430379746,0.9070253164556961,0.8944303797468354,0.8693670886075949,0.9094620253164557,MLP,0.9094620253164557
40700,0.7984420642648491,0.6250243427458617,0.7551768906199285,0.7628042843232716,0.2697500811424862,0.6659201557935736,DecisionTree,0.7984420642648491
1163,0.9377622377622377,,,0.9715617715617715,0.9637695637695636,,LogisticRegression,0.9715617715617715
1129,0.9401230348598769,,,0.9791182501708817,0.9635338345864662,,LogisticRegression,0.9791182501708817
46847,0.9267942583732056,0.9269309637730689,0.9085782638414217,0.9059466848940533,0.8691387559808612,0.9346548188653451,MLP,0.9346548188653451
860,0.8473684210526315,0.5131578947368421,0.8210526315789475,0.8447368421052632,0.5815789473684211,0.8473684210526315,DecisionTree,0.8473684210526315
1048,0.6476119955572012,0.6395409107737875,0.6179192891521659,0.6447982228804147,0.5066271751203258,0.6124028137726769,DecisionTree,0.6476119955572012
1010,0.9890781192151055,1.0,0.9917808219178081,1.0,0.9945205479452055,1.0,SVM,1.0
984,0.8550166604961126,0.9125879303961495,0.9098852276934469,0.9125879303961495,0.7921510551647538,0.9098852276934469,SVM,0.9125879303961495
968,0.8794520547945204,0.8547945205479452,0.8602739726027396,0.8931506849315068,0.7753424657534247,0.8712328767123287,LogisticRegression,0.8931506849315068
986,0.5961948249619483,0.6840563165905632,0.6179604261796042,0.6152587519025875,0.5354642313546423,0.5934550989345511,SVM,0.6840563165905632
1143,0.9091324200913242,,,0.9313165905631658,0.9313165905631658,,LogisticRegression,0.9313165905631658
1514,0.8861111111111111,,,0.9305555555555556,0.8833333333333332,,LogisticRegression,0.9305555555555556
41496,0.5,0.5,0.5,0.5028169014084508,0.5028169014084508,0.5,LogisticRegression,0.5028169014084508
1135,0.9859154929577464,,,0.9830985915492958,0.9774647887323944,,DecisionTree,0.9859154929577464
59,0.8974245472837021,0.9372635814889335,0.8404024144869215,0.8830583501006035,0.8373440643863178,0.9286116700201209,SVM,0.9372635814889335
337,0.8481987577639751,0.7478674948240165,0.7477018633540373,0.8195031055900621,0.5989233954451346,0.7794202898550725,DecisionTree,0.8481987577639751
1133,0.9654244306418219,,,0.9739958592132505,0.9739544513457556,,LogisticRegression,0.9739958592132505
42585,0.9710144927536233,0.9797101449275363,0.9913043478260869,0.9855072463768118,0.9621057118499573,0.9913043478260869,KNN,0.9913043478260869
1147,0.9494732221246707,,,0.9762071992976296,0.9762510974539069,,Perceptron,0.9762510974539069
1011,0.9166812993854258,0.9612379280070236,0.9702809482001756,0.9642669007901669,0.8658472344161545,0.9672958735733099,KNN,0.9702809482001756
1144,0.9696969696969697,,,0.990909090909091,0.9878787878787879,,LogisticRegression,0.990909090909091
1447,0.8074125874125875,0.8716083916083915,0.8411188811188811,0.8534731934731935,0.7927738927738928,0.8380885780885781,SVM,0.8716083916083915
1140,0.9167788461538462,,,0.9414423076923077,0.9444711538461539,,Perceptron,0.9444711538461539
925,0.938076923076923,0.9535576923076924,0.944278846153846,0.9566826923076924,0.9380288461538461,0.9628365384615385,MLP,0.9628365384615385
1162,0.8074999999999999,,,0.8942307692307694,0.8817788461538463,,LogisticRegression,0.8942307692307694
1157,0.9562980769230769,,,0.9875480769230769,0.9812980769230769,,LogisticRegression,0.9875480769230769
1167,0.671875,0.665625,0.528125,0.684375,0.65625,0.68125,LogisticRegression,0.684375
915,0.5238095238095238,0.5873015873015872,0.5523809523809524,0.6031746031746033,0.5460317460317461,0.5555555555555556,LogisticRegression,0.6031746031746033
1523,0.7806451612903226,0.8,0.7806451612903226,0.8516129032258064,0.7612903225806452,0.8193548387096774,LogisticRegression,0.8516129032258064
818,1.0,0.8870967741935484,0.9741935483870968,0.9903225806451612,0.667741935483871,0.9741935483870968,DecisionTree,1.0
43,0.647065044949762,0.73204653622422,0.6830248545742992,0.7418297197250132,0.5466419883659439,0.722104706504495,LogisticRegression,0.7418297197250132
786,0.7753005464480875,0.8480874316939889,0.8150819672131148,0.831584699453552,0.7823497267759563,0.8250819672131147,SVM,0.8480874316939889
40710,0.7291256830601093,0.8083060109289617,0.8214754098360656,0.7917486338797814,0.7624043715846994,0.7949180327868852,KNN,0.8214754098360656
798,0.521584699453552,0.6237158469945355,0.5875409836065575,0.6236612021857925,0.5345901639344263,0.6338251366120219,MLP,0.6338251366120219
1446,0.8241807909604522,0.8682485875706215,0.8174576271186442,0.8580790960451978,0.8276271186440678,0.8511864406779661,SVM,0.8682485875706215
44149,0.7363276836158191,0.8446327683615819,0.8244067796610169,0.8344067796610168,0.7609604519774011,0.8140677966101695,SVM,0.8446327683615819
1121,1.0,1.0,0.986323787258913,1.0,1.0,1.0,DecisionTree,1.0
13,0.6364186327888687,0.7448275862068966,0.7340592861464005,0.7166969147005445,0.6545069570477919,0.7029038112522686,SVM,0.7448275862068966
844,0.5137931034482758,0.6012704174228676,0.5629764065335753,0.5939503932244404,0.5070175438596491,0.5874773139745917,SVM,0.6012704174228676
961,0.7614035087719297,0.7684210526315789,0.6666666666666667,0.6877192982456141,0.5929824561403508,0.7859649122807018,MLP,0.7859649122807018
880,0.9929824561403509,0.9612155388471176,0.936591478696742,0.9753132832080199,0.9543859649122807,0.982393483709273,DecisionTree,0.9929824561403509
41430,0.9821428571428571,0.8611528822055137,0.718734335839599,0.9394736842105263,0.8109649122807017,0.868233082706767,DecisionTree,0.9821428571428571
1156,0.7781818181818182,,,0.7854545454545455,0.76,,LogisticRegression,0.7854545454545455
46590,0.7185185185185186,0.8407407407407407,0.8037037037037036,0.837037037037037,0.7111111111111111,0.8518518518518519,MLP,0.8518518518518519
1152,0.973864430468204,,,0.9851851851851852,0.9850454227812717,,LogisticRegression,0.9851851851851852
336,0.7527603074772886,0.8389238294898673,0.7678546470999301,0.8165618448637317,0.7869322152341021,0.8091544374563242,SVM,0.8389238294898673
42544,0.6641509433962264,0.4981132075471698,0.7056603773584905,0.7358490566037735,0.4679245283018868,0.7245283018867925,LogisticRegression,0.7358490566037735
811,0.9205370101596516,0.6174165457184324,0.9281567489114659,0.74644412191582,0.6174165457184324,0.38258345428156754,KNN,0.9281567489114659
1159,0.8030920060331825,,,0.9304675716440423,0.8957013574660635,,LogisticRegression,0.9304675716440423
45098,0.964313725490196,,,0.996078431372549,0.9175686274509804,,LogisticRegression,0.996078431372549
1442,0.8341176470588236,0.8934117647058823,0.8854901960784314,0.8894901960784314,0.8654901960784314,0.8972549019607843,MLP,0.8972549019607843
1449,0.8341176470588236,0.8934117647058823,0.8854901960784314,0.8894901960784314,0.8654901960784314,0.8972549019607843,MLP,0.8972549019607843
778,0.996078431372549,0.7778039215686274,0.8774117647058823,0.9487058823529411,0.6787450980392157,0.7298039215686274,DecisionTree,0.996078431372549
911,0.9,0.86,0.836,0.672,0.4880000000000001,0.876,DecisionTree,0.9
1495,0.9960000000000001,0.9960000000000001,0.9559999999999998,0.5599999999999999,0.556,0.9960000000000001,DecisionTree,0.9960000000000001
1136,0.9399999999999998,,,0.932,0.932,,DecisionTree,0.9399999999999998
464,0.792,0.8480000000000001,0.852,0.852,0.8240000000000001,0.8400000000000001,KNN,0.852
41538,0.7524081632653061,0.8740408163265305,0.8661224489795918,0.8740408163265305,0.8168979591836735,0.8498775510204082,SVM,0.8740408163265305
46279,0.9672619047619048,0.5637755102040816,0.9217687074829932,0.9590986394557823,0.5352040816326531,0.4362244897959183,DecisionTree,0.9672619047619048
851,0.8916666666666666,0.825,0.875,0.9416666666666667,0.8041666666666666,0.9416666666666667,LogisticRegression,0.9416666666666667
820,0.851063829787234,0.8382978723404255,0.8680851063829789,0.8893617021276595,0.7872340425531915,0.7957446808510638,LogisticRegression,0.8893617021276595
939,0.9601932367149757,0.9690821256038648,0.9736231884057972,0.9868599033816425,0.9781642512077294,0.9868599033816425,LogisticRegression,0.9868599033816425
1412,0.7830917874396135,0.8451207729468599,0.884927536231884,0.8583574879227054,0.7117874396135265,0.8627053140096617,KNN,0.884927536231884
895,0.8696969696969697,0.8876767676767677,0.8966666666666667,0.9056565656565656,0.8742424242424243,0.9055555555555556,LogisticRegression,0.9056565656565656
1084,0.8363636363636363,,,0.8863636363636364,0.5818181818181818,,LogisticRegression,0.8863636363636364
40682,0.9488372093023255,0.8930232558139537,0.9441860465116279,0.9581395348837208,0.8325581395348838,0.9720930232558139,MLP,0.9720930232558139
996,0.765891472868217,0.6448504983388704,0.74296788482835,0.6356589147286822,0.6448504983388704,0.6448504983388704,DecisionTree,0.765891472868217
1005,0.7379844961240309,0.6448504983388704,0.7617940199335548,0.6490586932447397,0.5877076411960134,0.6448504983388704,KNN,0.7617940199335548
1499,0.8952380952380953,0.9095238095238095,0.9238095238095239,0.9285714285714285,0.6333333333333334,0.5,LogisticRegression,0.9285714285714285
796,0.9759581881533101,0.9857142857142858,0.9617886178861788,0.9857142857142858,0.9807200929152149,0.9904761904761905,MLP,0.9904761904761905
733,0.9235772357723577,0.9329849012775842,0.9279907084785133,0.9376306620209058,0.9233449477351916,0.9427409988385598,MLP,0.9427409988385598
481,0.8803716608594657,0.8950058072009291,0.8807200929152149,0.8804878048780488,0.7793263646922183,0.9045296167247386,MLP,0.9045296167247386
40,0.7116144018583043,0.8605110336817654,0.8219512195121951,0.7836236933797908,0.7358885017421603,0.851335656213705,SVM,0.8605110336817654
840,0.9707317073170731,0.8243902439024391,0.9268292682926829,0.9365853658536587,0.751219512195122,0.5853658536585367,DecisionTree,0.9707317073170731
975,0.8487804878048781,0.6731707317073171,0.7853658536585366,0.7609756097560976,0.6975609756097562,0.8243902439024391,DecisionTree,0.8487804878048781
1132,0.847560975609756,,,0.9110975609756096,0.891219512195122,,LogisticRegression,0.9110975609756096
42172,0.8958536585365854,0.9010975609756098,0.8862195121951219,0.9356097560975609,0.8865853658536587,0.940609756097561,MLP,0.940609756097561
1124,0.821219512195122,,,0.9103658536585366,0.8904878048780487,,LogisticRegression,0.9103658536585366
721,0.8099999999999999,0.885,0.825,0.8400000000000001,0.795,0.885,SVM,0.885
46602,1.0,1.0,0.97,1.0,0.9949999999999999,1.0,DecisionTree,1.0
446,0.925,0.945,0.9349999999999999,0.985,0.97,0.5,LogisticRegression,0.985
1458,0.74,,,0.8899999999999999,0.8099999999999999,,LogisticRegression,0.8899999999999999
