did,DecisionTree,KNN,LogisticRegression,MLP,Perceptron,SVM,best_classifier,best_accuracy
6,0.87645,0.94405,0.77265,0.9383,0.4742999999999999,0.9074,KNN,0.94405
13,0.6364186327888687,0.7340592861464005,0.7166969147005445,0.7029038112522686,0.6545069570477919,0.7448275862068966,SVM,0.7448275862068966
15,0.935611510791367,0.967070914696814,0.9656628982528264,0.9628057553956836,0.951387461459404,0.9656526207605344,KNN,0.967070914696814
20,0.8690000000000001,0.978,0.9595,0.969,0.9405,0.978,SVM,0.978
28,0.897864768683274,0.9756227758007118,0.9717081850533807,0.9816725978647688,0.9425266903914592,0.98576512455516,SVM,0.98576512455516
31,0.6940000000000001,0.718,0.715,0.7,0.612,0.728,SVM,0.728
32,0.9593342742854828,0.9929949133136452,0.9510557574147568,0.9935409469355124,0.899926014844203,0.9920854503722224,MLP,0.9935409469355124
35,0.9398000740466492,0.95897815623843,0.9699000370233246,0.9671603109959276,0.9644576082932248,0.9753794890781192,SVM,0.9753794890781192
36,0.9645021645021644,0.9354978354978356,0.932034632034632,0.971861471861472,0.8562770562770563,0.9173160173160172,MLP,0.971861471861472
37,0.7017485782191665,0.7278244631185808,0.7746965452847806,0.7617180205415499,0.7162380103556574,0.7629997453526866,LogisticRegression,0.7746965452847806
40,0.7116144018583043,0.8219512195121951,0.7836236933797908,0.851335656213705,0.7358885017421603,0.8605110336817654,SVM,0.8605110336817654
46,0.9078369905956112,0.6492163009404388,0.8338557993730408,0.8586206896551725,0.7539184952978056,0.8689655172413794,DecisionTree,0.9078369905956112
49,0.715846994535519,0.8117486338797815,0.8515300546448088,0.8185245901639344,0.7822950819672132,0.8448633879781422,LogisticRegression,0.8515300546448088
53,0.7185185185185186,0.8037037037037036,0.837037037037037,0.8518518518518519,0.7111111111111111,0.8407407407407407,MLP,0.8518518518518519
151,0.886895354480918,0.8344807222928308,0.7551200499371074,0.8109989800667746,0.6581947262270851,0.6151564152090374,DecisionTree,0.886895354480918
182,0.8584758942457231,0.9069984447900468,0.8567651632970451,0.908398133748056,0.7771384136858476,0.900933125972006,MLP,0.908398133748056
316,0.9710375921838372,0.9859333025340932,0.976828704891946,0.9851060007186488,0.97227555053642,0.9859333025340932,SVM,0.9859333025340932
373,0.4856043956043955,0.4282417582417582,0.2869230769230769,0.3354945054945055,0.2684615384615385,0.3328571428571428,DecisionTree,0.4856043956043955
481,0.8803716608594657,0.8807200929152149,0.8804878048780488,0.9045296167247386,0.7793263646922183,0.8950058072009291,MLP,0.9045296167247386
1011,0.9166812993854258,0.9702809482001756,0.9642669007901667,0.96729587357331,0.8658472344161545,0.9612379280070236,KNN,0.9702809482001756
1119,0.8123214023663126,,0.8247289252528773,,0.746167106346747,,LogisticRegression,0.8247289252528773
1122,0.9903320599471056,0.9903320599471056,0.9903320599471056,0.9878930355568616,0.9854540111666176,0.9879518072289156,DecisionTree,0.9903320599471056
1123,0.9432098765432098,0.9679012345679012,0.9851851851851852,0.8148148148148149,0.9679012345679012,0.965432098765432,LogisticRegression,0.9851851851851852
1126,0.9392594769321188,0.9005877167205407,0.958830443726124,0.9587716720540698,0.9514252130473112,0.9490449603291214,LogisticRegression,0.958830443726124
1127,0.931064425770308,0.9430532212885154,0.9667226890756302,0.9571988795518208,0.9119607843137254,0.9643697478991596,LogisticRegression,0.9667226890756302
1128,0.9320388349514562,0.9352750809061486,0.9689320388349516,0.9689320388349516,0.9656957928802588,0.9676375404530744,LogisticRegression,0.9689320388349516
1129,0.9401230348598768,0.9661312371838688,0.9791182501708816,0.9765208475734792,0.9635338345864662,0.966097060833903,LogisticRegression,0.9791182501708816
1130,0.9650485436893204,0.9676375404530744,0.9818770226537218,0.9792880258899676,0.977346278317152,0.973462783171521,LogisticRegression,0.9818770226537218
1132,0.847560975609756,0.9113414634146344,0.9110975609756096,0.5841463414634147,0.891219512195122,0.9210975609756098,SVM,0.9210975609756098
1134,0.9708737864077668,0.9799352750809062,0.9864077669902912,0.9566343042071198,0.9870550161812296,0.9831715210355988,Perceptron,0.9870550161812296
1136,0.9399999999999998,0.9079999999999998,0.932,0.6399999999999999,0.932,0.932,DecisionTree,0.9399999999999998
1137,0.9560133444537116,0.9743619683069225,0.979833194328607,0.9761801501251044,0.9798498748957464,0.9725271059216012,Perceptron,0.9798498748957464
1140,0.9167788461538462,0.9135576923076922,0.9414423076923076,0.8757211538461538,0.944471153846154,0.9074519230769232,Perceptron,0.944471153846154
1144,0.9696969696969696,0.9817715617715616,0.990909090909091,0.821118881118881,0.987878787878788,0.9818181818181818,LogisticRegression,0.990909090909091
1145,0.9428571428571428,0.9301587301587302,0.9619047619047618,0.8666666666666666,0.9587301587301588,0.9492063492063492,LogisticRegression,0.9619047619047618
1147,0.9494732221246708,0.973222124670764,0.9762071992976296,0.9702809482001756,0.9762510974539068,0.9673397717295874,Perceptron,0.9762510974539068
1148,0.9230610844200412,0.9573095401509952,0.9572409059711736,0.9572409059711736,0.96371539693434,0.9530313429421184,Perceptron,0.96371539693434
1149,0.943191591017678,0.949665551839465,0.980315336837076,0.9781414237935976,0.9737697085523174,0.962828475871954,LogisticRegression,0.980315336837076
1150,0.9382978723404256,0.9148936170212766,0.9446808510638296,0.9574468085106383,0.948936170212766,0.9340425531914892,MLP,0.9574468085106383
1157,0.9562980769230768,0.968846153846154,0.9875480769230768,0.984471153846154,0.9812980769230768,0.9626442307692308,LogisticRegression,0.9875480769230768
1158,0.9503305785123968,0.970206611570248,0.9768319559228652,0.9768319559228648,0.9768319559228652,0.9652479338842974,LogisticRegression,0.9768319559228652
1163,0.9377622377622375,0.9457542457542456,0.9715617715617716,0.974125874125874,0.9637695637695636,0.9612054612054612,MLP,0.974125874125874
1165,0.9427964661909616,0.9115188583078492,0.9741930003397894,0.9741590214067278,0.972375127420999,0.9502038735983692,LogisticRegression,0.9741930003397894
1412,0.7830917874396135,0.884927536231884,0.8583574879227054,0.8627053140096617,0.7117874396135265,0.8451207729468599,KNN,0.884927536231884
1457,0.4286666666666666,,0.8013333333333332,,0.724,,LogisticRegression,0.8013333333333332
1459,0.9142679456269462,0.6711680761858784,0.3509494019481347,0.6605996036295958,0.2355618871369278,0.6009980143164622,DecisionTree,0.9142679456269462
1461,0.8741235483748749,0.8936762969560045,0.8911105271740711,0.9000907165188767,0.8571137118893943,0.8977018547110671,MLP,0.9000907165188767
1462,0.9832329130723292,0.997810218978102,0.9810510948905108,1.0,0.9795779694757796,1.0,SVM,1.0
1464,0.7071856823266219,0.7807606263982102,0.7727069351230426,0.7927695749440715,0.7500492170022371,0.7740492170022372,MLP,0.7927695749440715
1476,0.9721782890007188,,0.9904385334291878,,0.9766355140186918,,LogisticRegression,0.9904385334291878
1478,0.9291199422851132,,0.9847561498889554,,0.9469850573140888,,LogisticRegression,0.9847561498889554
1494,0.8180094786729857,0.8616113744075831,0.8701421800947868,0.8739336492890996,0.7819905213270143,0.8075829383886255,MLP,0.8739336492890996
1495,0.996,0.9559999999999998,0.5599999999999999,0.996,0.556,0.996,DecisionTree,0.996
1497,0.9957841883139776,0.8603344715168729,0.6999650822748897,0.9318159231541449,0.586697018227724,0.8812297082691216,DecisionTree,0.9957841883139776
1504,1.0,0.9855749609095488,0.9989703972649936,0.9989703972649936,0.9994845360824742,0.9989690721649483,DecisionTree,1.0
1508,0.883611111111111,0.7841666666666666,0.890925925925926,0.9158024691358024,0.5306481481481481,0.8860493827160493,MLP,0.9158024691358024
1590,0.8133163568187625,,0.8249046986200227,,0.681488328379003,,LogisticRegression,0.8249046986200227
4134,0.7157993786063027,0.7504603639591656,0.7256667554371948,0.7507277407900578,0.7205912117177098,0.7707238348868175,SVM,0.7707238348868175
4538,0.506127659574468,0.5842205378784964,0.4746287561078834,0.5599123286265758,0.370804509253203,0.5347931206956253,KNN,0.5842205378784964
40475,0.5907142857142856,0.6714285714285715,0.7139285714285715,0.7,0.6228571428571429,0.7110714285714287,LogisticRegression,0.7139285714285715
40476,0.5907142857142856,0.6714285714285715,0.7139285714285715,0.7,0.6228571428571429,0.7110714285714287,LogisticRegression,0.7139285714285715
40477,0.5907142857142856,0.6714285714285715,0.7139285714285715,0.7,0.6228571428571429,0.7110714285714287,LogisticRegression,0.7139285714285715
40478,0.5907142857142856,0.6714285714285715,0.7139285714285715,0.7,0.6228571428571429,0.7110714285714287,LogisticRegression,0.7139285714285715
40496,0.702,0.7,0.73,0.712,0.654,0.718,LogisticRegression,0.73
40497,0.997614488731182,0.9472433116096052,0.9628840444780156,0.9814414952483004,0.9488288509845942,0.9448553410508196,DecisionTree,0.997614488731182
40499,0.9203636363636364,0.9823636363636362,0.9945454545454544,0.9943636363636364,0.9523636363636364,0.986909090909091,LogisticRegression,0.9945454545454544
40670,0.9146237998454748,0.7586325005044217,0.9322012962407052,0.948836877408306,0.9425569504387236,0.9595094560611802,SVM,0.9595094560611802
40701,0.9222,0.8936,0.8648,0.9238,0.8263999999999999,0.9062,MLP,0.9238
40926,0.2476499999999999,0.30425,0.31215,0.33565,0.2351499999999999,0.4936,SVM,0.4936
42178,0.6886240644557713,0.7359042317246274,0.8046264073488612,0.7593315496161044,0.7469829706755274,0.7941184713529905,LogisticRegression,0.8046264073488612
42477,0.7285333333333333,0.7912333333333333,0.8109666666666667,0.8125666666666668,0.7743333333333334,0.8190333333333333,SVM,0.8190333333333333
43098,0.8160000000000001,0.769,0.892,0.89,0.8400000000000001,0.889,LogisticRegression,0.892
43255,0.8160000000000001,0.769,0.892,0.89,0.8400000000000001,0.889,LogisticRegression,0.892
43595,0.6970545115287219,0.785072637611622,0.8045981607357058,0.7573770491803279,0.7736372117819539,0.8045848327335733,LogisticRegression,0.8045981607357058
43890,1.0,0.9359615384615384,1.0,0.9988942307692308,0.9453846153846154,0.9986057692307692,DecisionTree,1.0
43895,1.0,0.8891156462585034,0.9918367346938776,0.9918367346938776,0.8435374149659864,0.8462585034013607,DecisionTree,1.0
44097,0.6940000000000001,0.718,0.715,0.7,0.612,0.728,SVM,0.728
44098,0.6940000000000001,0.718,0.715,0.7,0.612,0.728,SVM,0.728
44149,0.7363276836158191,0.8244067796610169,0.8344067796610168,0.8140677966101695,0.7609604519774011,0.8446327683615819,SVM,0.8446327683615819
44226,0.7295490381583096,,0.8143803216650898,,0.6556922106590981,,LogisticRegression,0.8143803216650898
44232,0.905490948219584,0.8868885377131255,0.859588223906065,0.9153905029467247,0.838284911598255,0.8718892805849328,MLP,0.9153905029467247
44698,0.701,0.7529999999999999,0.7595,0.778,0.708,0.7764999999999999,MLP,0.778
45545,0.8962248553320473,0.8668724166437034,0.8259961421879305,0.8301846238633231,0.7118049049324883,0.8155084045191513,DecisionTree,0.8962248553320473
45557,0.7253130397236615,0.7638007340241796,0.790808506044905,0.7866688255613126,0.6879425734024179,0.7898100172711572,LogisticRegression,0.790808506044905
45562,0.8846723044397464,0.9276280869056724,0.9322755011770352,0.9222144752822636,0.9063260012295142,0.9342104868576911,SVM,0.9342104868576911
45748,0.8160000000000001,0.769,0.892,0.89,0.8400000000000001,0.889,LogisticRegression,0.892
46280,0.7300864168656042,0.7528005839086392,0.8034889347699853,0.7672847845022259,0.7616082085941029,0.7959637516936576,LogisticRegression,0.8034889347699853
46281,0.8963551043464293,0.9353494193187296,0.9394218580764188,0.9199760575861694,0.932599824836886,0.9403380440809896,SVM,0.9403380440809896
46371,0.7936571428571428,,0.8343142857142857,,0.731,,LogisticRegression,0.8343142857142857
46372,0.6992,0.6468,0.587,0.7232000000000001,0.4078,0.6362,MLP,0.7232000000000001
46382,0.79001554001554,0.39500777000777,0.4283508158508159,0.4992521367521368,0.2948815073815073,0.4380827505827506,DecisionTree,0.79001554001554
46455,0.998876404494382,0.9991924157303372,0.999122191011236,0.9992626404494382,0.9976825842696628,0.998630617977528,MLP,0.9992626404494382
46502,0.683,0.6900000000000001,0.734,0.7160000000000001,0.6709999999999999,0.7310000000000001,LogisticRegression,0.734
46526,0.8992444444444445,0.8969999999999999,0.8962,0.9186666666666669,0.8501555555555556,0.9076666666666666,MLP,0.9186666666666669
46600,0.8481636833634102,0.6853826269326441,0.6173389260108277,0.537501829000634,0.3884407159927815,0.4092766912159196,DecisionTree,0.8481636833634102
46601,0.6269936890418818,0.6626219162363741,0.7222891566265061,0.6720596672403902,0.5855421686746988,0.7296041308089501,SVM,0.7296041308089501
46602,1.0,0.97,1.0,1.0,0.995,1.0,DecisionTree,1.0
46605,0.9267942583732056,0.9085782638414216,0.9059466848940532,0.9346548188653452,0.8691387559808612,0.9269309637730688,MLP,0.9346548188653452
46652,0.3362739006630855,,0.4647008555111359,,0.3302616341395469,,LogisticRegression,0.4647008555111359
46667,0.56125,0.66875,0.7050000000000001,0.6849999999999999,0.5075,0.5125,LogisticRegression,0.7050000000000001
46733,0.9673076923076922,0.9153846153846154,0.928846153846154,0.9692307692307692,0.8634615384615385,0.9615384615384616,MLP,0.9692307692307692
46745,1.0,1.0,1.0,1.0,1.0,1.0,DecisionTree,1.0
46752,1.0,0.8695,0.8240000000000001,0.9825,0.7649999999999999,0.903,DecisionTree,1.0
46806,0.7471865594953255,0.836965051063198,0.8544487738855653,0.8693773124003463,0.8208621650333257,0.8656445029700908,MLP,0.8693773124003463
46827,0.4094458229942101,0.6135814722911498,0.6289909015715467,0.6071877584780812,0.5905541770057898,0.6354011579818031,SVM,0.6354011579818031
46846,0.8092600513259194,0.83071000855432,0.8688622754491018,0.8521813515825493,0.8045195323638439,0.8688694040490448,SVM,0.8688694040490448
46850,0.2476534296028881,0.251985559566787,0.2483754512635378,0.2613718411552346,0.2498194945848375,0.2462093862815884,MLP,0.2613718411552346
46874,0.7660657992844386,0.8202573824785707,0.8457042744231421,0.844664918544036,0.7273940128405452,0.735564861322241,LogisticRegression,0.8457042744231421
46879,0.437037037037037,0.4611111111111111,0.337037037037037,0.3722222222222222,0.3111111111111111,0.4185185185185185,KNN,0.4611111111111111
46911,0.7901,0.8323,0.8084,0.8583000000000001,0.7082999999999999,0.8516,MLP,0.8583000000000001
46937,0.6843271630344093,,0.6272466548706899,,0.5447021619464107,,DecisionTree,0.6843271630344093
46938,0.8014964610717896,0.8728968655207279,0.8850825749915741,0.8543191776204921,0.8850825749915741,0.8862453656892484,SVM,0.8862453656892484
46940,0.8245535714285716,0.8674107142857143,0.8816964285714285,0.8794642857142858,0.8227678571428572,0.8508928571428573,LogisticRegression,0.8816964285714285
46941,0.833331707554992,0.671584646149344,0.6173438033458518,0.5383797493049797,0.4683851143735063,0.4132029459103546,DecisionTree,0.833331707554992
46960,0.6740524580105836,0.6984605158882328,0.7680819081217886,0.7407288391236547,0.7445775494030729,0.7558751949280363,LogisticRegression,0.7680819081217886
46962,0.9516072016403354,0.9696434680270148,0.9670032036455722,0.9617209536493372,0.9407578375284812,0.9677372020921592,KNN,0.9696434680270148
