did,name,family,NumberOfInstances,NumberOfFeatures,NumberOfClasses
46560,dataset_credit_score,credit_score,50000.0,28.0,3.0
42141,SVHN_medium,svhn_medium,49644.0,3073.0,10.0
46770,Meta_Album_BRD_Extended,meta_album,49053.0,3.0,315.0
45051,adult-test,adult,48842.0,15.0,2.0
46070,Stylized_Meta_Album_TEX_DTD_STY_Extended,stylized_meta,48000.0,7.0,20.0
40985,tamilnadu-electricity,tamilnadu_electricity,45781.0,4.0,20.0
151,electricity,electricity,45312.0,9.0,2.0
1461,bank-marketing,bank_marketing,45211.0,17.0,2.0
279,meta_stream_intervals.arff,meta_stream,45164.0,75.0,11.0
46565,Loan_Approval_Status,loan_approval,45000.0,14.0,2.0
46468,Give-Me-Some-Credit-Sampled,give_some,45000.0,11.0,2.0
46553,Loan_Status,loan_status,45000.0,14.0,2.0
41027,jungle_chess_2pcs_raw_endgame_complete,jungle_chess,44819.0,7.0,3.0
46561,EDA-Home-Mortgage-NY-Sampled-Dataset,eda_home,43965.0,101.0,6.0
41762,FOREX_audsgd-hour-Close,forex_audsgd,43825.0,12.0,2.0
41758,FOREX_eursgd-hour-Close,forex_eursgd,43825.0,12.0,2.0
41763,FOREX_audcad-hour-High,forex_audcad,43825.0,12.0,2.0
41727,FOREX_usdcad-hour-Close,forex_usdcad,43825.0,12.0,2.0
41734,FOREX_eurpln-hour-Close,forex_eurpln,43825.0,12.0,2.0
41715,FOREX_eurhuf-hour-High,forex_eurhuf,43825.0,12.0,2.0
41723,FOREX_cadchf-hour-High,forex_cadchf,43825.0,12.0,2.0
41709,FOREX_audchf-hour-High,forex_audchf,43825.0,12.0,2.0
41718,FOREX_audjpy-hour-High,forex_audjpy,43825.0,12.0,2.0
41712,FOREX_eurcad-hour-High,forex_eurcad,43825.0,12.0,2.0
41804,FOREX_gbpusd-hour-Close,forex_gbpusd,43825.0,12.0,2.0
41799,FOREX_eurhkd-hour-Close,forex_eurhkd,43825.0,12.0,2.0
41871,FOREX_usddkk-hour-Close,forex_usddkk,43825.0,12.0,2.0
41873,FOREX_eurusd-hour-High,forex_eurusd,43825.0,12.0,2.0
41777,FOREX_eurjpy-hour-High,forex_eurjpy,43825.0,12.0,2.0
41779,FOREX_eursek-hour-High,forex_eursek,43825.0,12.0,2.0
41768,FOREX_eurnok-hour-High,forex_eurnok,43825.0,12.0,2.0
41773,FOREX_eurtry-hour-Close,forex_eurtry,43825.0,12.0,2.0
41780,FOREX_usdchf-hour-High,forex_usdchf,43825.0,12.0,2.0
41824,FOREX_eurgbp-hour-Close,forex_eurgbp,43825.0,12.0,2.0
41878,FOREX_audusd-hour-Close,forex_audusd,43825.0,12.0,2.0
41877,FOREX_eurchf-hour-Close,forex_eurchf,43825.0,12.0,2.0
41898,FOREX_audnzd-hour-Close,forex_audnzd,43825.0,12.0,2.0
41881,FOREX_chfjpy-hour-High,forex_chfjpy,43825.0,12.0,2.0
41833,FOREX_cadjpy-hour-High,forex_cadjpy,43825.0,12.0,2.0
41835,FOREX_euraud-hour-High,forex_euraud,43825.0,12.0,2.0
41832,FOREX_nzdusd-hour-Close,forex_nzdusd,43825.0,12.0,2.0
41856,FOREX_eurdkk-hour-High,forex_eurdkk,43825.0,12.0,2.0
41886,FOREX_eurnzd-hour-Close,forex_eurnzd,43825.0,12.0,2.0
41885,FOREX_chfsgd-hour-Close,forex_chfsgd,43825.0,12.0,2.0
41782,FOREX_usdjpy-hour-Close,forex_usdjpy,43825.0,12.0,2.0
41805,FOREX_eurrub-hour-High,forex_eurrub,43825.0,12.0,2.0
46822,Dynamically-Generated-Hate-Speech-Dataset,dynamically_generated,41144.0,9.0,2.0
727,2dplanes,2dplanes,40768.0,11.0,2.0
901,fried,fried,40768.0,11.0,2.0
881,mv,mv,40768.0,11.0,2.0
41434,Click_prediction_small,click_prediction,39948.0,12.0,2.0
251,BNG(breast-w),bng_breast,39366.0,10.0,2.0
137,BNG(tic-tac-toe),bng_tic,39366.0,10.0,2.0
350,webdata_wXa,webdata_wxa,36974.0,124.0,2.0
45714,PriceRunner,pricerunner,35300.0,6.0,10.0
46371,Customer_Churn_Classification_Nominal,customer_churn,35000.0,25.0,2.0
1486,nomao,nomao,34465.0,119.0,2.0
43551,Employee-Turnover-at-TECHCO,employee_turnover,34452.0,10.0,2.0
4135,Amazon_employee_access,amazon_employee,32769.0,10.0,2.0
1119,adult-census,adult_census,32561.0,16.0,2.0
46548,dataset_default_of_credit_card_clients,default_credit,30000.0,24.0,2.0
46871,Advanced_IoT_Dataset,advanced_iot,30000.0,14.0,6.0
46919,credit_card_clients_default,credit_card,30000.0,24.0,2.0
1537,volcanoes-c1,volcanoes,28626.0,4.0,5.0
1481,kr-vs-k,kr-vs-k,28056.0,7.0,18.0
184,kropt,kropt,28056.0,7.0,18.0
46173,King-rook-vs-King,king_rook,28056.0,7.0,18.0
46874,student_depression_dataset,student_depression,27901.0,17.0,2.0
46541,dataset_china,china,27522.0,28.0,5.0
46682,CodeXGLUE,codexglue,27318.0,6.0,2.0
42493,airlines,airlines,26969.0,8.0,2.0
45067,okcupid_stem,okcupid_stem,26677.0,14.0,3.0
45037,BitcoinHeist_Ransomware,bitcoinheist_ransomware,24780.0,8.0,2.0
843,house_8L,house,22784.0,9.0,2.0
821,house_16H,house_16h,22784.0,17.0,2.0
45504,timing-attack-dataset-20-micro-seconds-delay-2022-09-20,timing_attack,21992.0,125.0,11.0
43890,law-school-admission-bianry,law_school,20800.0,12.0,2.0
823,houses,houses,20640.0,9.0,2.0
45578,California-Housing-Classification,california_housing,20640.0,9.0,2.0
44090,california,california,20634.0,9.0,2.0
46808,news_channel,news_channel,20284.0,18.0,6.0
6,letter,letter,20000.0,17.0,26.0
41671,microaggregation2,microaggregation2,20000.0,21.0,5.0
40926,CIFAR_10_small,cifar_small,20000.0,3073.0,10.0
41161,riccardo,riccardo,20000.0,4297.0,2.0
41159,guillermo,guillermo,20000.0,4297.0,2.0
1222,letter-challenge-unlabeled.arff,letter_challenge,20000.0,17.0,3.0
46935,HR_Analytics_Job_Change_of_Data_Scientists,analytics_job,19158.0,13.0,2.0
1120,MagicTelescope,magictelescope,19020.0,12.0,2.0
45558,Pulsar-Dataset-HTRU2,pulsar_htru2,17898.0,9.0,2.0
45024,credit,credit,16714.0,11.0,2.0
44162,compass,compass,16644.0,18.0,2.0
846,elevators,elevators,16599.0,19.0,2.0
42811,PCam16k,pcam16k,16000.0,27649.0,2.0
44226,NewspaperChurn,newspaperchurn,15855.0,19.0,2.0
45936,IndoorScenes,indoorscenes,15620.0,3.0,67.0
41526,test_dataset,test_dataset,15547.0,61.0,2.0
1046,mozilla4,mozilla4,15545.0,6.0,2.0
722,pol,pol,15000.0,49.0,2.0
1471,eeg-eye-state,eeg_eye,14980.0,15.0,2.0
1040,sylva_prior,sylva_prior,14395.0,109.0,2.0
4154,CreditCardSubset,creditcardsubset,14240.0,31.0,2.0
1476,gas-drift,gas_drift,13910.0,129.0,6.0
734,ailerons,ailerons,13750.0,41.0,2.0
41103,STL-10,stl,13000.0,27649.0,10.0
959,nursery,nursery,12960.0,9.0,2.0
46937,in_vehicle_coupon_recommendation,vehicle_coupon,12684.0,25.0,2.0
45060,online_shoppers,online_shoppers,12330.0,18.0,2.0
46689,sst5,sst5,11855.0,2.0,5.0
310,mammography,mammography,11183.0,7.0,2.0
399,ohscal.wc,ohscal,11162.0,11466.0,10.0
4534,PhishingWebsites,phishingwebsites,11055.0,31.0,2.0
46924,E-CommereShippingData,commereshippingdata,10999.0,11.0,2.0
1019,pendigits,pendigits,10992.0,17.0,2.0
1044,eye_movements,eye_movements,10936.0,28.0,3.0
1053,jm1,jm1,10885.0,22.0,2.0
46932,heloc,heloc,10459.0,24.0,2.0
1478,har,har,10299.0,562.0,6.0
46819,WBCAtt,wbcatt,10298.0,12.0,5.0
1459,artificial-characters,artificial_characters,10218.0,8.0,10.0
46282,internet_usage,internet_usage,10108.0,69.0,2.0
43920,kdd_internet_usage,kdd_internet,10108.0,71.0,2.0
46868,Phishing_Legitimate_full,phishing_legitimate,10000.0,49.0,2.0
46911,Bank_Customer_Churn,bank_customer,10000.0,11.0,2.0
41165,robert,robert,10000.0,7201.0,10.0
41163,dilbert,dilbert,10000.0,2001.0,5.0
46298,electrical_grid_stability_simulated_classification,electrical_grid,10000.0,13.0,2.0
375,JapaneseVowels,japanesevowels,9961.0,15.0,9.0
42140,SVHN_small,svhn_small,9927.0,3073.0,10.0
4538,GesturePhaseSegmentationProcessed,gesturephasesegmentationprocessed,9873.0,33.0,5.0
45553,FICO-HELOC-cleaned,fico_heloc,9871.0,24.0,2.0
46281,insurance_company,insurance_company,9822.0,86.0,2.0
46916,coil2000_insurance_policies,coil2000_insurance,9822.0,86.0,2.0
390,new3s.wc,new3s,9558.0,26833.0,44.0
819,delta_elevators,delta_elevators,9517.0,7.0,2.0
1056,mc1,mc1,9466.0,39.0,2.0
41082,USPS,usps,9298.0,257.0,10.0
41972,Indian_pines,indian_pines,9144.0,221.0,8.0
373,UNIX_user_data,unix_user,9100.0,3.0,9.0
923,visualizing_soil,visualizing_soil,8641.0,5.0,2.0
41164,fabert,fabert,8237.0,801.0,7.0
761,cpu_act,cpu_act,8192.0,22.0,2.0
735,cpu_small,cpu_small,8192.0,13.0,2.0
725,bank8FM,bank8fm,8192.0,9.0,2.0
752,puma32H,puma32h,8192.0,33.0,2.0
833,bank32nh,bank32nh,8192.0,33.0,2.0
807,kin8nm,kin8nm,8192.0,9.0,2.0
816,puma8NH,puma8nh,8192.0,9.0,2.0
43922,mushroom,mushroom,8124.0,23.0,2.0
43985,isolet,isolet,7797.0,614.0,26.0
46969,NATICUSdroid,naticusdroid,7491.0,87.0,2.0
1507,twonorm,twonorm,7400.0,21.0,2.0
1496,ringnorm,ringnorm,7400.0,21.0,2.0
42819,OxfordPets,oxfordpets,7349.0,49153.0,37.0
803,delta_ailerons,delta_ailerons,7129.0,6.0,2.0
42178,telco-customer-churn,telco_customer,7043.0,20.0,2.0
46280,blastchar,blastchar,7043.0,20.0,2.0
41026,gisette,gisette,7000.0,5001.0,2.0
46962,taiwanese_bankruptcy_prediction,taiwanese_bankruptcy,6819.0,95.0,2.0
40666,clean2,clean2,6598.0,169.0,2.0
1116,musk,musk,6598.0,168.0,2.0
847,wind,wind,6574.0,15.0,2.0
182,satimage,satimage,6430.0,37.0,6.0
1475,first-order-theorem-proving,first_order,6118.0,52.0,6.0
47152,aztrees4,aztrees4,5956.0,22.0,2.0
47151,aztrees3,aztrees3,5956.0,22.0,2.0
41145,philippine,philippine,5832.0,309.0,2.0
980,optdigits,optdigits,5620.0,65.0,2.0
1069,pc2,pc2,5589.0,37.0,2.0
40499,texture,texture,5500.0,41.0,11.0
30,page-blocks,page_blocks,5473.0,11.0,5.0
1525,wall-robot-navigation,wall_robot,5456.0,3.0,4.0
41142,christine,christine,5418.0,1637.0,2.0
1489,phoneme,phoneme,5404.0,6.0,2.0
1460,banana,banana,5300.0,3.0,2.0
42193,compas-two-years,compas_two,5278.0,14.0,2.0
44124,kdd_ipums_la_97-small,kdd_ipums,5188.0,21.0,2.0
44186,KDDCup09_upselling,kddcup09_upselling,5128.0,50.0,2.0
41146,sylvine,sylvine,5124.0,21.0,2.0
40900,Satellite,satellite,5100.0,37.0,2.0
46806,product_sentiment_machine_hack,product_sentiment,5091.0,5.0,4.0
43607,WMO-Hurricane-Survival-Dataset,wmo_hurricane,5021.0,23.0,2.0
46880,air-quality-and-pollution-assessment,air_quality,5000.0,10.0,4.0
40701,churn,churn,5000.0,21.0,2.0
46372,Multiclass_Classification_for_Corporate_Credit_Ratings,multiclass_classification,5000.0,8.0,10.0
60,waveform-5000,waveform_5000,5000.0,41.0,3.0
44037,rl,rl,4970.0,13.0,2.0
43892,national-longitudinal-survey-binary,national_longitudinal,4908.0,17.0,2.0
40983,wilt,wilt,4839.0,6.0,2.0
46925,Employee,employee,4653.0,9.0,2.0
44095,spambase_reproduced,spambase_reproduced,4601.0,58.0,2.0
44,spambase,spambase,4601.0,58.0,2.0
47153,spam,spam,4601.0,58.0,2.0
1037,ada_prior,ada_prior,4562.0,15.0,2.0
46960,students_dropout_and_academic_success,students_dropout,4424.0,37.0,3.0
43149,StackOverflow-polarity,stackoverflow_polarity,4423.0,2.0,3.0
43925,eucalyptus,eucalyptus,4331.0,8.0,4.0
1039,hiva_agnostic,hiva_agnostic,4229.0,1618.0,2.0
720,abalone,abalone,4177.0,9.0,2.0
41156,ada,ada,4147.0,49.0,2.0
728,analcatdata_supreme,analcatdata_supreme,4052.0,8.0,2.0
43051,art_daily_nojump4,art_daily,4032.0,3.0,2.0
42810,PCam,pcam,4000.0,27649.0,2.0
46578,tiniest-imagenet-200,tiniest_imagenet,4000.0,2.0,200.0
871,pollen,pollen,3848.0,6.0,2.0
40596,slashdot,slashdot,3782.0,1101.0,2.0
40497,thyroid-ann,thyroid_ann,3772.0,22.0,3.0
41946,Sick_numeric,sick_numeric,3772.0,30.0,2.0
40708,allrep,allrep,3772.0,30.0,4.0
40713,dis,dis,3772.0,30.0,2.0
46912,Bioresponse,bioresponse,3751.0,1777.0,2.0
46800,AVIDa-SARS-CoV-2,avida_sars,3733.0,6.0,2.0
40910,Speech,speech,3686.0,401.0,2.0
46764,football-player-position,football_player,3611.0,12.0,4.0
1042,gina_prior,gina_prior,3468.0,785.0,2.0
1041,gina_prior2,gina_prior2,3468.0,785.0,10.0
1038,gina_agnostic,gina_agnostic,3468.0,971.0,2.0
42334,digits_wrote,digits_wrote,3468.0,785.0,2.0
42882,dgf_test,dgf,3415.0,5.0,2.0
44232,UCI_churn,uci_churn,3333.0,21.0,2.0
40978,Internet-Advertisements,internet_advertisements,3279.0,1559.0,2.0
396,la1s.wc,la1s,3204.0,13196.0,6.0
40678,led7,led7,3200.0,8.0,10.0
40677,led24,led24,3200.0,25.0,10.0
3,kr-vs-kp,kr-vs-kp,3196.0,37.0,2.0
953,splice,splice,3190.0,61.0,2.0
40670,dna,dna,3186.0,181.0,3.0
46737,agriculture_dataset_karnataka,agriculture_karnataka,3158.0,12.0,13.0
41158,gina,gina,3153.0,971.0,2.0
41144,madeline,madeline,3140.0,260.0,2.0
737,space_ga,space,3107.0,7.0,2.0
45059,sick,sick,3103.0,23.0,2.0
393,la2s.wc,la2s,3075.0,12433.0,6.0
41143,jasmine,jasmine,2984.0,145.0,2.0
40476,thyroid-allhypo,thyroid_allhypo,2800.0,27.0,5.0
40478,thyroid-dis,thyroid_dis,2800.0,27.0,5.0
40477,thyroid-allrep,thyroid_allrep,2800.0,27.0,5.0
40475,thyroid-allhyper,thyroid_allhyper,2800.0,27.0,5.0
40474,thyroid-allbp,thyroid_allbp,2800.0,27.0,5.0
42530,Midwest_Survey,midwest_survey,2778.0,28.0,10.0
1485,madelon,madelon,2600.0,501.0,2.0
46956,seismic-bumps,seismic_bumps,2584.0,16.0,2.0
43980,wine,wine,2554.0,12.0,2.0
1487,ozone-level-8hr,ozone_level,2534.0,73.0,2.0
46564,Apple_Stock_Price_Trends_Classification,apple_stock,2516.0,23.0,3.0
46951,Pumpkin_Seeds,pumpkin_seeds,2500.0,13.0,2.0
1548,autoUniv-au4-2500,autouniv_au4,2500.0,101.0,3.0
389,fbis.wc,fbis,2463.0,2001.0,17.0
316,yeast_ml8,yeast_ml8,2417.0,117.0,2.0
40597,yeast,yeast,2417.0,117.0,2.0
312,scene,scene,2407.0,300.0,2.0
46930,hazelnut-spread-contaminant-detection,hazelnut_spread,2400.0,31.0,2.0
45968,BraidFlowSessionLevel,braidflowsessionlevel,2364.0,124.0,3.0
36,segment,segment,2310.0,20.0,7.0
46940,Marketing_Campaign,marketing_campaign,2240.0,26.0,2.0
40704,Titanic,titanic,2201.0,4.0,2.0
772,quake,quake,2178.0,4.0,2.0
46863,Fetal_cardiotocography_dataset,fetal_cardiotocography,2126.0,37.0,10.0
1560,cardiotocography,cardiotocography,2126.0,36.0,3.0
46597,Estimation_of_Obesity_Levels,estimation_obesity,2111.0,17.0,7.0
1067,kc1,kc1,2109.0,22.0,2.0
914,balloon,balloon,2001.0,2.0,2.0
44431,jannis_seed_3_nrows_2000_nclasses_10_ncols_100_stratify_True,jannis_nrows,2000.0,55.0,2.0
44415,MiniBooNE_seed_3_nrows_2000_nclasses_10_ncols_100_stratify_True,miniboone_nrows,2000.0,51.0,2.0
1020,mfeat-karhunen,mfeat_karhunen,2000.0,65.0,2.0
44400,MagicTelescope_seed_3_nrows_2000_nclasses_10_ncols_100_stratify_True,magictelescope_nrows,2000.0,11.0,2.0
44460,compass_seed_2_nrows_2000_nclasses_10_ncols_100_stratify_True,compass_nrows,2000.0,18.0,2.0
12,mfeat-factors,mfeat_factors,2000.0,217.0,10.0
1022,mfeat-pixel,mfeat_pixel,2000.0,241.0,2.0
44433,electricity_seed_0_nrows_2000_nclasses_10_ncols_100_stratify_True,electricity_nrows,2000.0,9.0,2.0
44443,covertype_seed_0_nrows_2000_nclasses_10_ncols_100_stratify_True,covertype_nrows,2000.0,55.0,2.0
18,mfeat-morphological,mfeat_morphological,2000.0,7.0,10.0
44723,adult_seed_0_nrows_2000_nclasses_10_ncols_100_stratify_True,adult_nrows,2000.0,15.0,2.0
44685,christine_seed_2_nrows_2000_nclasses_10_ncols_100_stratify_True,christine_nrows,2000.0,101.0,2.0
44693,Satellite_seed_0_nrows_2000_nclasses_10_ncols_100_stratify_True,satellite_nrows,2000.0,37.0,2.0
44699,Fashion-MNIST_seed_1_nrows_2000_nclasses_10_ncols_100_stratify_True,fashion_mnist,2000.0,101.0,10.0
44703,connect-4_seed_0_nrows_2000_nclasses_10_ncols_100_stratify_True,connect_nrows,2000.0,43.0,3.0
995,mfeat-zernike,mfeat_zernike,2000.0,48.0,2.0
44668,GesturePhaseSegmentationProcessed_seed_0_nrows_2000_nclasses_10_ncols_100_stratify_True,gesturephasesegmentationprocessed_nrows,2000.0,33.0,5.0
971,mfeat-fourier,mfeat_fourier,2000.0,77.0,2.0
44713,nomao_seed_0_nrows_2000_nclasses_10_ncols_100_stratify_True,nomao_nrows,2000.0,101.0,2.0
44677,PhishingWebsites_seed_4_nrows_2000_nclasses_10_ncols_100_stratify_True,phishingwebsites_nrows,2000.0,31.0,2.0
44678,sylvine_seed_0_nrows_2000_nclasses_10_ncols_100_stratify_True,sylvine_nrows,2000.0,21.0,2.0
44645,kr-vs-kp_seed_2_nrows_2000_nclasses_10_ncols_100_stratify_True,nrows_2000,2000.0,37.0,2.0
44661,churn_seed_3_nrows_2000_nclasses_10_ncols_100_stratify_True,churn_nrows,2000.0,21.0,2.0
44657,Bioresponse_seed_4_nrows_2000_nclasses_10_ncols_100_stratify_True,bioresponse_nrows,2000.0,101.0,2.0
44629,kc1_seed_1_nrows_2000_nclasses_10_ncols_100_stratify_True,kc1_nrows,2000.0,22.0,2.0
44740,robert_seed_2_nrows_2000_nclasses_10_ncols_100_stratify_True,robert_nrows,2000.0,101.0,10.0
44748,guillermo_seed_0_nrows_2000_nclasses_10_ncols_100_stratify_True,guillermo_nrows,2000.0,101.0,2.0
44566,philippine_seed_3_nrows_2000_nclasses_10_ncols_100_stratify_True,philippine_nrows,2000.0,101.0,2.0
44568,ada_seed_0_nrows_2000_nclasses_10_ncols_100_stratify_True,ada_nrows,2000.0,49.0,2.0
44633,segment_seed_0_nrows_2000_nclasses_10_ncols_100_stratify_True,segment_nrows,2000.0,17.0,7.0
44558,madeline_seed_0_nrows_2000_nclasses_10_ncols_100_stratify_True,madeline_nrows,2000.0,101.0,2.0
44638,dna_seed_0_nrows_2000_nclasses_10_ncols_100_stratify_True,dna_nrows,2000.0,101.0,3.0
44527,jasmine_seed_4_nrows_2000_nclasses_10_ncols_100_stratify_True,jasmine_nrows,2000.0,101.0,2.0
44528,airlines_seed_0_nrows_2000_nclasses_10_ncols_100_stratify_True,airlines_nrows,2000.0,8.0,2.0
40594,reuters,reuters,2000.0,250.0,2.0
44544,gina_seed_1_nrows_2000_nclasses_10_ncols_100_stratify_True,gina_nrows,2000.0,101.0,2.0
44513,dilbert_seed_0_nrows_2000_nclasses_10_ncols_100_stratify_True,dilbert_nrows,2000.0,101.0,5.0
44419,Higgs_seed_2_nrows_2000_nclasses_10_ncols_100_stratify_True,higgs_nrows,2000.0,25.0,2.0
44454,road-safety_seed_1_nrows_2000_nclasses_10_ncols_100_stratify_True,road_safety,2000.0,33.0,2.0
40592,image,image,2000.0,140.0,2.0
44518,fabert_seed_0_nrows_2000_nclasses_10_ncols_100_stratify_True,fabert_nrows,2000.0,101.0,7.0
44777,sf-police-incidents_seed_4_nrows_2000_nclasses_10_ncols_100_stratify_True,police_incidents,2000.0,9.0,2.0
46752,student_lifestyle_dataset,student_lifestyle,2000.0,8.0,3.0
44733,volkert_seed_0_nrows_2000_nclasses_10_ncols_100_stratify_True,volkert_nrows,2000.0,101.0,10.0
44756,riccardo_seed_3_nrows_2000_nclasses_10_ncols_100_stratify_True,riccardo_nrows,2000.0,101.0,2.0
44488,wilt_seed_0_nrows_2000_nclasses_10_ncols_100_stratify_True,wilt_nrows,2000.0,6.0,2.0
44493,numerai28.6_seed_0_nrows_2000_nclasses_10_ncols_100_stratify_True,numerai28_nrows,2000.0,22.0,2.0
44347,credit_seed_0_nrows_2000_nclasses_10_ncols_100_stratify_True,credit_nrows,2000.0,11.0,2.0
44227,South_Asian_Churn_dataset,south_asian,2000.0,14.0,2.0
44362,california_seed_0_nrows_2000_nclasses_10_ncols_100_stratify_True,california_nrows,2000.0,9.0,2.0
44367,wine_seed_0_nrows_2000_nclasses_10_ncols_100_stratify_True,wine_nrows,2000.0,12.0,2.0
44407,phoneme_seed_0_nrows_2000_nclasses_10_ncols_100_stratify_True,phoneme_nrows,2000.0,6.0,2.0
44382,pol_seed_0_nrows_2000_nclasses_10_ncols_100_stratify_True,pol_nrows,2000.0,27.0,2.0
46944,Mobile_Price,mobile_price,2000.0,21.0,4.0
44504,steel-plates-fault_seed_1_nrows_2000_nclasses_10_ncols_100_stratify_True,steel_plates,1941.0,28.0,7.0
44621,car_seed_3_nrows_2000_nclasses_10_ncols_100_stratify_True,car_nrows,1728.0,7.0,4.0
40664,car-evaluation,car_evaluation,1728.0,22.0,4.0
991,car,car,1728.0,7.0,2.0
46938,Is-this-a-good-customer,this_good,1723.0,14.0,2.0
40590,enron,enron,1702.0,1054.0,2.0
45648,MIC,mic,1649.0,105.0,2.0
40647,GAMETES_Epistasis_2-Way_20atts_0.4H_EDM-1_1,gametes_epistasis,1600.0,21.0,2.0
40649,GAMETES_Heterogeneity_20atts_1600_Het_0.4_0.2_50_EDM-2_001,gametes_heterogeneity,1600.0,21.0,2.0
1501,semeion,semeion,1593.0,257.0,10.0
1050,pc3,pc3,1563.0,38.0,2.0
1146,OVA_Prostate,ova_prostate,1545.0,10937.0,2.0
1130,OVA_Lung,ova_lung,1545.0,10936.0,2.0
1139,OVA_Omentum,ova_omentum,1545.0,10936.0,2.0
1161,OVA_Colon,ova_colon,1545.0,10936.0,2.0
1138,OVA_Uterus,ova_uterus,1545.0,10936.0,2.0
1142,OVA_Endometrium,ova_endometrium,1545.0,10936.0,2.0
1134,OVA_Kidney,ova_kidney,1545.0,10936.0,2.0
1166,OVA_Ovary,ova_ovary,1545.0,10936.0,2.0
1128,OVA_Breast,ova_breast,1545.0,10936.0,2.0
46758,PostPartum_Depression,postpartum_depression,1503.0,11.0,2.0
44480,amazon-commerce-reviews_seed_2_nrows_2000_nclasses_10_ncols_100_stratify_True,amazon_commerce,1500.0,101.0,50.0
46927,Fitness_Club,fitness_club,1500.0,7.0,2.0
47150,CanadaFiresD,canadafiresd,1491.0,47.0,2.0
983,cmc,cmc,1473.0,10.0,2.0
44614,cmc_seed_1_nrows_2000_nclasses_10_ncols_100_stratify_True,cmc_nrows,1473.0,10.0,3.0
43896,ibm-employee-attrition,ibm_employee,1470.0,35.0,2.0
44609,pc4_seed_1_nrows_2000_nclasses_10_ncols_100_stratify_True,pc4_nrows,1458.0,38.0,2.0
1049,pc4,pc4,1458.0,38.0,2.0
46876,depression_2020,depression,1429.0,21.0,2.0
46782,binary_alpha_digits,binary_alpha,1404.0,321.0,36.0
46851,hepatitis_c_virus_hcv_for_egyptian_patients,hepatitis_virus,1385.0,29.0,4.0
1462,banknote-authentication,banknote_authentication,1372.0,5.0,2.0
46963,website_phishing,website_phishing,1353.0,10.0,3.0
966,analcatdata_halloffame,analcatdata_halloffame,1340.0,17.0,2.0
185,baseball,baseball,1340.0,17.0,3.0
40680,mofn-3-7-10,mofn,1324.0,11.0,2.0
41705,ASP-POTASSCO-classification,asp_potassco,1294.0,143.0,11.0
1566,hill-valley,hill_valley,1212.0,101.0,2.0
897,colleges_aaup,colleges_aaup,1161.0,16.0,2.0
934,socmob,socmob,1156.0,6.0,2.0
4137,Dorothea,dorothea,1150.0,100001.0,2.0
46422,Credit-Risk-Classification-Dataset,credit_risk,1125.0,43.0,2.0
40706,parity5_plus_5,parity5_plus,1124.0,11.0,2.0
1068,pc1,pc1,1109.0,22.0,2.0
1552,autoUniv-au7-1100,autouniv_au7,1100.0,13.0,5.0
44604,cnae-9_seed_1_nrows_2000_nclasses_10_ncols_100_stratify_True,cnae_nrows,1080.0,101.0,9.0
1468,cnae-9,cnae,1080.0,857.0,9.0
1453,PieChart3,piechart3,1077.0,38.0,2.0
46184,Flare,flare,1066.0,12.0,6.0
40687,solar-flare,solar_flare,1066.0,13.0,6.0
44602,qsar-biodeg_seed_4_nrows_2000_nclasses_10_ncols_100_stratify_True,qsar_biodeg,1055.0,42.0,2.0
45077,qsar,qsar,1055.0,41.0,2.0
401,oh10.wc,oh10,1050.0,3239.0,10.0
1444,PizzaCutter3,pizzacutter3,1043.0,38.0,2.0
679,rmftsa_sleepdata,rmftsa_sleepdata,1024.0,3.0,4.0
46842,maternal_health_risk,maternal_health,1014.0,7.0,3.0
392,oh0.wc,oh0,1003.0,3183.0,10.0
42809,kits,kits,1000.0,27649.0,2.0
910,fri_c1_1000_10,fri_1000,1000.0,11.0,2.0
45604,dummy,dummy,1000.0,7.0,2.0
45748,StudentsPerformance,studentsperformance,1000.0,8.0,2.0
46562,German-Credit-Data-Creditability-Preprocessed-Dataset,german_credit,1000.0,34.0,2.0
1555,autoUniv-au6-1000,autouniv_au6,1000.0,41.0,8.0
46416,Creditability-German-Credit-Data,creditability_german,1000.0,21.0,2.0
43097,students_scores,students_scores,1000.0,8.0,2.0
43255,1StudentPerfromance,1studentperfromance,1000.0,8.0,2.0
46502,Credit_Approval_Classification,credit_approval,1000.0,51.0,2.0
44098,credit-g_reproduced_1,credit_reproduced,1000.0,21.0,2.0
44097,credit-g_copy,credit_copy,1000.0,21.0,2.0
1547,autoUniv-au1-1000,autouniv_au1,1000.0,21.0,2.0
1016,vowel,vowel,990.0,14.0,2.0
40693,xd6,xd6,973.0,10.0,2.0
45557,Mammographic-Mass-Data-Set,mammographic_mass,961.0,5.0,2.0
40705,tokyo1,tokyo1,959.0,45.0,2.0
50,tic-tac-toe,tic_tac,958.0,10.0,2.0
45545,Tour-and-Travels-Customer-Churn-Prediction,tour_and,954.0,7.0,2.0
841,stock,stock,950.0,10.0,2.0
1233,eating,eating,945.0,6374.0,7.0
311,oil_spill,oil_spill,937.0,50.0,2.0
394,oh5.wc,oh5,918.0,3013.0,10.0
386,oh15.wc,oh15,913.0,3101.0,10.0
45939,132,132,902.0,4.0,2.0
43941,anneal,anneal,898.0,39.0,2.0
44555,vehicle_seed_2_nrows_2000_nclasses_10_ncols_100_stratify_True,vehicle_nrows,846.0,19.0,4.0
44153,vehicle_reproduced,vehicle_reproduced,846.0,19.0,4.0
54,vehicle,vehicle,846.0,19.0,4.0
970,analcatdata_authorship,analcatdata_authorship,841.0,71.0,2.0
46846,glioma_grading_clinical_and_mutation_features,glioma_grading,839.0,24.0,2.0
47155,waveform,waveform,800.0,22.0,3.0
46667,imdb_genre_prediction,imdb_genre,800.0,12.0,2.0
469,analcatdata_dmft,analcatdata_dmft,797.0,5.0,6.0
839,kdd_el_nino-small,kdd_nino,782.0,9.0,2.0
46827,QSAR_Bioconcentration_classification,qsar_bioconcentration,779.0,13.0,3.0
37,diabetes,diabetes,768.0,9.0,2.0
1464,blood-transfusion-service-center,blood_transfusion,748.0,5.0,2.0
44588,eucalyptus_seed_0_nrows_2000_nclasses_10_ncols_100_stratify_True,eucalyptus_nrows,736.0,20.0,5.0
46505,total_score,total_score,719.0,11.0,4.0
46382,company_quality_and_valuation_finance,company_quality,719.0,11.0,6.0
45712,doa_bwin_balanced,doa_bwin,708.0,14.0,2.0
1451,PieChart1,piechart1,705.0,38.0,2.0
15,breast-w,breast,699.0,10.0,2.0
40981,Australian,australian,690.0,15.0,2.0
44484,Australian_seed_1_nrows_2000_nclasses_10_ncols_100_stratify_True,australian_nrows,690.0,15.0,2.0
1023,soybean,soybean,683.0,36.0,2.0
46584,Student_Performance_on_an_Entrance_Examination,student_performance,666.0,12.0,4.0
40591,genbase,genbase,662.0,1213.0,2.0
795,disclosure_x_tampered,disclosure_tampered,662.0,4.0,2.0
931,disclosure_z,disclosure,662.0,4.0,2.0
827,disclosure_x_noise,disclosure_noise,662.0,4.0,2.0
774,disclosure_x_bias,disclosure_bias,662.0,4.0,2.0
1443,PizzaCutter1,pizzacutter1,661.0,38.0,2.0
1145,AP_Breast_Colon,breast_colon,630.0,10936.0,2.0
997,balance-scale,balance_scale,625.0,5.0,2.0
770,strikes,strikes,625.0,7.0,2.0
43595,Loan-Predication,loan_predication,614.0,12.0,2.0
1158,AP_Breast_Kidney,breast_kidney,604.0,10936.0,2.0
334,monks-problems-2,monks_problems,601.0,7.0,2.0
377,synthetic_control,synthetic_control,600.0,61.0,6.0
4136,Dexter,dexter,600.0,20001.0,2.0
40589,emotions,emotions,593.0,78.0,2.0
41945,ilpd-numeric,ilpd_numeric,583.0,11.0,2.0
1480,ilpd,ilpd,583.0,11.0,2.0
826,sensory,sensory,576.0,12.0,2.0
1510,wdbc,wdbc,569.0,31.0,2.0
947,arsenic-male-bladder,arsenic_male,559.0,5.0,2.0
949,arsenic-female-bladder,arsenic_female,559.0,5.0,2.0
1137,AP_Colon_Kidney,colon_kidney,546.0,10936.0,2.0
1165,AP_Breast_Ovary,breast_ovary,542.0,10936.0,2.0
46879,mental_health_detection,mental_health,540.0,15.0,4.0
1467,climate-model-simulation-crashes,climate_model,540.0,21.0,2.0
954,spectrometer,spectrometer,531.0,102.0,2.0
45717,bwin_amlb,bwin_amlb,530.0,14.0,2.0
41701,CPMP-2015-classification,cpmp_2015,527.0,27.0,4.0
940,water-treatment,water_treatment,527.0,37.0,2.0
1063,kc2,kc2,522.0,22.0,2.0
46869,diabetes_risk_prediction_dataset,diabetes_risk,520.0,17.0,2.0
40690,threeOf9,threeof9,512.0,10.0,2.0
717,rmftsa_ladata,rmftsa_ladata,508.0,11.0,2.0
825,boston_corrected,boston_corrected,506.0,21.0,2.0
853,boston,boston,506.0,14.0,2.0
779,fri_c1_500_25,fri_500,500.0,26.0,2.0
886,no2,no2,500.0,8.0,2.0
40496,LED-display-domain-7digit,led_display,500.0,8.0,10.0
451,irish,irish,500.0,6.0,2.0
987,collins,collins,500.0,23.0,2.0
47048,Accidents_Prediction_Dataset,accidents_prediction,500.0,7.0,2.0
750,pm10,pm10,500.0,8.0,2.0
43327,Birds,birds,500.0,3.0,20.0
1153,AP_Colon_Ovary,colon_ovary,484.0,10936.0,2.0
1100,PopularKids,popularkids,478.0,11.0,3.0
40665,clean1,clean1,476.0,169.0,2.0
765,analcatdata_apnea2,analcatdata_apnea2,475.0,4.0,2.0
767,analcatdata_apnea1,analcatdata_apnea1,475.0,4.0,2.0
1150,AP_Breast_Lung,breast_lung,470.0,10936.0,2.0
1506,thoracic-surgery,thoracic_surgery,470.0,17.0,2.0
724,analcatdata_vineyard,analcatdata_vineyard,468.0,4.0,2.0
1148,AP_Breast_Uterus,breast_uterus,468.0,10937.0,2.0
814,chscase_vine2,chscase_vine2,468.0,3.0,2.0
1498,sa-heart,heart,462.0,10.0,2.0
1065,kc3,kc3,458.0,40.0,2.0
1149,AP_Ovary_Kidney,ovary_kidney,458.0,10936.0,2.0
764,analcatdata_apnea3,analcatdata_apnea3,450.0,4.0,2.0
1511,wholesale-customers,wholesale_customers,440.0,9.0,2.0
1127,AP_Breast_Omentum,breast_omentum,421.0,10936.0,2.0
46843,Cirrhosis_Patient_Survival_Prediction,cirrhosis_patient,418.0,18.0,3.0
1122,AP_Breast_Prostate,breast_prostate,413.0,10936.0,2.0
1126,AP_Colon_Lung,colon_lung,412.0,10936.0,2.0
957,braziltourism,braziltourism,412.0,9.0,2.0
1160,AP_Colon_Uterus,colon_uterus,410.0,10936.0,2.0
455,cars,cars,406.0,8.0,3.0
1123,AP_Endometrium_Breast,endometrium_breast,405.0,10936.0,2.0
1071,mw1,mw1,403.0,38.0,2.0
1508,user-knowledge,user_knowledge,403.0,6.0,5.0
907,chscase_census4,chscase_census4,400.0,8.0,2.0
909,chscase_census2,chscase_census2,400.0,8.0,2.0
908,chscase_census3,chscase_census3,400.0,8.0,2.0
900,chscase_census6,chscase_census6,400.0,7.0,2.0
906,chscase_census5,chscase_census5,400.0,8.0,2.0
475,analcatdata_germangss,analcatdata_germangss,400.0,6.0,4.0
40663,calendarDOW,calendardow,399.0,33.0,5.0
831,autoMpg,autompg,398.0,8.0,2.0
40700,cars1,cars1,392.0,8.0,3.0
1163,AP_Lung_Kidney,lung_kidney,386.0,10936.0,2.0
1129,AP_Uterus_Kidney,uterus_kidney,384.0,10936.0,2.0
46847,differentiated_thyroid_cancer_recurrence,differentiated_thyroid,383.0,17.0,2.0
860,vinnie,vinnie,380.0,3.0,2.0
1048,jEdit_4.2_4.3,jedit,369.0,9.0,2.0
1010,dermatology,dermatology,366.0,35.0,2.0
984,analcatdata_draft,analcatdata_draft,366.0,5.0,2.0
968,analcatdata_birthday,analcatdata_birthday,365.0,4.0,2.0
986,analcatdata_marketing,analcatdata_marketing,364.0,33.0,2.0
1143,AP_Colon_Omentum,colon_omentum,363.0,10936.0,2.0
1514,micro-mass,micro_mass,360.0,1301.0,10.0
41496,DRSongsLyrics,drsongslyrics,358.0,2.0,2.0
1135,AP_Colon_Prostate,colon_prostate,355.0,10936.0,2.0
59,ionosphere,ionosphere,351.0,35.0,2.0
337,SPECTF,spectf,349.0,45.0,2.0
1133,AP_Endometrium_Colon,endometrium_colon,347.0,10936.0,2.0
42585,penguins,penguins,344.0,7.0,3.0
1147,AP_Omentum_Kidney,omentum_kidney,337.0,10936.0,2.0
1011,ecoli,ecoli,336.0,8.0,2.0
1144,AP_Prostate_Kidney,prostate_kidney,329.0,10936.0,2.0
1447,CastMetal1,castmetal1,327.0,38.0,2.0
1140,AP_Ovary_Lung,ovary_lung,324.0,10937.0,2.0
925,visualizing_galaxy,visualizing_galaxy,323.0,5.0,2.0
1162,AP_Ovary_Uterus,ovary_uterus,322.0,10936.0,2.0
1157,AP_Endometrium_Kidney,endometrium_kidney,321.0,10936.0,2.0
1167,pc1_req,pc1_req,320.0,9.0,2.0
915,plasma_retinol,plasma_retinol,315.0,14.0,2.0
1523,vertebra-column,vertebra_column,310.0,7.0,3.0
818,diggle_table_a2,diggle_table,310.0,9.0,2.0
43,haberman,haberman,306.0,4.0,2.0
786,cleveland,cleveland,303.0,14.0,2.0
40710,cleve,cleve,303.0,14.0,2.0
798,cholesterol,cholesterol,303.0,14.0,2.0
1446,CostaMadre1,costamadre1,296.0,38.0,2.0
44149,Heart_disease_prediction_20,heart_disease,296.0,14.0,2.0
1121,badges2,badges2,294.0,11.0,2.0
13,breast-cancer,breast_cancer,286.0,10.0,2.0
844,breastTumor,breasttumor,286.0,10.0,2.0
961,analcatdata_broadwaymult,analcatdata_broadwaymult,285.0,8.0,2.0
880,mu284,mu284,284.0,11.0,2.0
41430,DiabeticMellitus,diabeticmellitus,281.0,98.0,2.0
1156,AP_Omentum_Ovary,omentum_ovary,275.0,10936.0,2.0
46590,heart-statlog-uci,heart_statlog,270.0,14.0,2.0
1152,AP_Prostate_Ovary,prostate_ovary,267.0,10936.0,2.0
336,SPECT,spect,267.0,23.0,2.0
42544,Touch2,touch2,265.0,11.0,8.0
811,rmftsa_ctoarrivals,rmftsa_ctoarrivals,264.0,3.0,2.0
1159,AP_Endometrium_Ovary,endometrium_ovary,259.0,10936.0,2.0
45098,Ovarian,ovarian,253.0,15155.0,2.0
1442,MegaWatt1,megawatt1,253.0,38.0,2.0
1449,MeanWhile1,meanwhile1,253.0,38.0,2.0
778,bodyfat,bodyfat,252.0,15.0,2.0
911,fri_c2_250_5,fri_250,250.0,6.0,2.0
1495,qualitative-bankruptcy,qualitative_bankruptcy,250.0,7.0,2.0
1136,AP_Lung_Uterus,lung_uterus,250.0,10936.0,2.0
464,prnn_synth,prnn_synth,250.0,3.0,2.0
41538,conference_attendance,conference_attendance,246.0,7.0,2.0
46279,algerian_forest_fires,algerian_forest,243.0,14.0,2.0
851,tecator,tecator,240.0,125.0,2.0
820,chatfield_4,chatfield,235.0,13.0,2.0
939,chscase_whale,chscase_whale,228.0,9.0,2.0
1412,lungcancer_GSE31210,lungcancer_gse31210,226.0,24.0,2.0
895,chscase_geyser1,chscase_geyser1,222.0,3.0,2.0
1084,BurkittLymphoma,burkittlymphoma,220.0,22284.0,3.0
40682,thyroid-new,thyroid_new,215.0,6.0,3.0
996,prnn_fglass,prnn_fglass,214.0,10.0,2.0
1005,glass,glass,214.0,10.0,2.0
1499,seeds,seeds,210.0,8.0,3.0
796,cpu,cpu,209.0,8.0,2.0
733,machine_cpu,machine_cpu,209.0,7.0,2.0
481,biomed,biomed,209.0,9.0,2.0
40,sonar,sonar,208.0,61.0,2.0
840,autoHorse,autohorse,205.0,26.0,2.0
975,autos,autos,205.0,26.0,2.0
1132,AP_Omentum_Lung,omentum_lung,203.0,10936.0,2.0
42172,regime_alimentaire,regime_alimentaire,202.0,20.0,2.0
1124,AP_Omentum_Uterus,omentum_uterus,201.0,10936.0,2.0
721,pwLinear,pwlinear,200.0,11.0,2.0
46602,Predicting_Risk_Factors_of_Chronic_Kidney_Disease,predicting_risk,200.0,29.0,2.0
446,prnn_crabs,prnn_crabs,200.0,8.0,2.0
1458,arcene,arcene,200.0,10001.0,2.0
